image_name,sefi_mode,target,transient,ground_truth_class,ground_truth_name,baseline_class,baseline_name,baseline_prob,faulty_top1,faulty_top1_name,faulty_top1_prob,faulty_top2,faulty_top2_name,faulty_top2_prob,faulty_top3,faulty_top3_name,faulty_top3_prob,correctly_classified,prob_drop,bytes_corrupted,bits_corrupted,fault_phys_addr,regions_covered,bytes_in_weights,bytes_in_input,bytes_in_output,crash
"n01748264/n01748264_12351.JPEG","transient-SEFI-row","input_tensor",1,63,"Indian cobra, Naja naja",63,"Indian cobra, Naja naja",0.901465,63,"Indian cobra, Naja naja",0.953083,54,"hognose snake, puff adder, sand viper",0.007277,67,"diamondback, diamondback rattlesnake, Crotalus adamanteus",0.003895,1,-0.051618,8192,33055,0x1ba86820,"input_tensor",0,8192,0,0
"n01748264/n01748264_12842.JPEG","transient-SEFI-row","input_tensor",1,63,"Indian cobra, Naja naja",63,"Indian cobra, Naja naja",0.329152,63,"Indian cobra, Naja naja",0.490424,60,"night snake, Hypsiglena torquata",0.140509,57,"garter snake, grass snake",0.140509,1,-0.161272,8192,32790,0x1baa0820,"input_tensor",0,8192,0,0
"n01748264/n01748264_15432.JPEG","transient-SEFI-row","input_tensor",1,63,"Indian cobra, Naja naja",63,"Indian cobra, Naja naja",0.886884,63,"Indian cobra, Naja naja",0.967957,68,"sidewinder, horned rattlesnake, Crotalus cerastes",0.005756,66,"horned viper, cerastes, sand viper, horned asp, Cerastes cornutus",0.005079,1,-0.081073,8192,32789,0x1ba80820,"input_tensor",0,8192,0,0
"n01748264/n01748264_19883.JPEG","transient-SEFI-row","input_tensor",1,63,"Indian cobra, Naja naja",63,"Indian cobra, Naja naja",0.910606,63,"Indian cobra, Naja naja",0.965674,58,"water snake",0.009467,67,"diamondback, diamondback rattlesnake, Crotalus adamanteus",0.005742,1,-0.055068,8192,33048,0x1ba9a820,"input_tensor",0,8192,0,0
"n01748264/n01748264_2196.JPEG","transient-SEFI-row","input_tensor",1,63,"Indian cobra, Naja naja",63,"Indian cobra, Naja naja",0.962559,63,"Indian cobra, Naja naja",0.814908,600,"hook, claw",0.027885,65,"sea snake",0.027885,1,0.147650,8192,32904,0x1ba84820,"input_tensor",0,8192,0,0
"n02093991/n02093991_2155.JPEG","transient-SEFI-row","input_tensor",1,184,"Irish terrier",184,"Irish terrier",0.872575,184,"Irish terrier",0.904745,211,"vizsla, Hungarian pointer",0.021278,189,"Lakeland terrier",0.018777,1,-0.032170,8192,32930,0x1baa0820,"input_tensor",0,8192,0,0
"n02093991/n02093991_75.JPEG","transient-SEFI-row","input_tensor",1,184,"Irish terrier",184,"Irish terrier",0.580369,184,"Irish terrier",0.431052,182,"Border terrier",0.230725,170,"Irish wolfhound",0.158575,1,0.149317,8192,32842,0x1ba80820,"input_tensor",0,8192,0,0
"n02093991/n02093991_7823.JPEG","transient-SEFI-row","input_tensor",1,184,"Irish terrier",184,"Irish terrier",0.677267,255,"Leonberg",0.495570,202,"soft-coated wheaten terrier",0.234091,226,"briard",0.097584,0,0.181697,8192,32835,0x1ba92820,"input_tensor",0,8192,0,0
"n02093991/n02093991_7935.JPEG","transient-SEFI-row","input_tensor",1,184,"Irish terrier",184,"Irish terrier",0.902510,184,"Irish terrier",0.899835,185,"Norfolk terrier",0.030791,189,"Lakeland terrier",0.027173,1,0.002675,8192,32786,0x1baa0820,"input_tensor",0,8192,0,0
"n02093991/n02093991_8145.JPEG","transient-SEFI-row","input_tensor",1,184,"Irish terrier",243,"bull mastiff",0.299598,243,"bull mastiff",0.563924,163,"bloodhound, sleuthhound",0.266379,159,"Rhodesian ridgeback",0.067351,0,-0.264326,8192,32770,0x1ba90820,"input_tensor",0,8192,0,0
"n02096051/n02096051_2751.JPEG","transient-SEFI-row","input_tensor",1,191,"Airedale, Airedale terrier",191,"Airedale, Airedale terrier",0.468643,191,"Airedale, Airedale terrier",0.345422,189,"Lakeland terrier",0.345422,175,"otterhound, otter hound",0.098965,1,0.123221,8192,33078,0x1ba96820,"input_tensor",0,8192,0,0
"n02096051/n02096051_2946.JPEG","transient-SEFI-row","input_tensor",1,191,"Airedale, Airedale terrier",191,"Airedale, Airedale terrier",0.937680,191,"Airedale, Airedale terrier",0.905251,189,"Lakeland terrier",0.039774,188,"wire-haired fox terrier",0.016580,1,0.032429,8192,32695,0x1ba92820,"input_tensor",0,8192,0,0
"n02096051/n02096051_495.JPEG","transient-SEFI-row","input_tensor",1,191,"Airedale, Airedale terrier",191,"Airedale, Airedale terrier",0.990033,191,"Airedale, Airedale terrier",0.990972,184,"Irish terrier",0.004050,189,"Lakeland terrier",0.003154,1,-0.000939,8192,32829,0x1ba98820,"input_tensor",0,8192,0,0
"n02096051/n02096051_5436.JPEG","transient-SEFI-row","input_tensor",1,191,"Airedale, Airedale terrier",191,"Airedale, Airedale terrier",0.639094,191,"Airedale, Airedale terrier",0.829023,189,"Lakeland terrier",0.077111,184,"Irish terrier",0.041275,1,-0.189929,8192,32900,0x1ba88820,"input_tensor",0,8192,0,0
"n02096051/n02096051_668.JPEG","transient-SEFI-row","input_tensor",1,191,"Airedale, Airedale terrier",189,"Lakeland terrier",0.491600,191,"Airedale, Airedale terrier",0.495193,189,"Lakeland terrier",0.495193,182,"Border terrier",0.001786,1,-0.003593,8192,32766,0x1ba82820,"input_tensor",0,8192,0,0
"n02113186/n02113186_12291.JPEG","transient-SEFI-row","input_tensor",1,264,"Cardigan, Cardigan Welsh corgi",158,"toy terrier",0.227132,253,"basenji",0.169470,264,"Cardigan, Cardigan Welsh corgi",0.149557,171,"Italian greyhound",0.131983,0,0.057662,8192,33228,0x1ba9e820,"input_tensor",0,8192,0,0
"n02113186/n02113186_13231.JPEG","transient-SEFI-row","input_tensor",1,264,"Cardigan, Cardigan Welsh corgi",275,"African hunting dog, hyena dog, Cape hunting dog, Lycaon pictus",0.240434,186,"Norwich terrier",0.154736,275,"African hunting dog, hyena dog, Cape hunting dog, Lycaon pictus",0.136554,264,"Cardigan, Cardigan Welsh corgi",0.093852,0,0.085698,8192,33038,0x1baa0820,"input_tensor",0,8192,0,0
"n02113186/n02113186_50.JPEG","transient-SEFI-row","input_tensor",1,264,"Cardigan, Cardigan Welsh corgi",264,"Cardigan, Cardigan Welsh corgi",0.491658,263,"Pembroke, Pembroke Welsh corgi",0.522807,264,"Cardigan, Cardigan Welsh corgi",0.192330,151,"Chihuahua",0.149787,0,-0.031149,8192,32966,0x1ba96820,"input_tensor",0,8192,0,0
"n02113186/n02113186_5538.JPEG","transient-SEFI-row","input_tensor",1,264,"Cardigan, Cardigan Welsh corgi",263,"Pembroke, Pembroke Welsh corgi",0.314391,162,"beagle",0.589632,263,"Pembroke, Pembroke Welsh corgi",0.168932,247,"Saint Bernard, St Bernard",0.048400,0,-0.275241,8192,33013,0x1ba98820,"input_tensor",0,8192,0,0
"n02113186/n02113186_9772.JPEG","transient-SEFI-row","input_tensor",1,264,"Cardigan, Cardigan Welsh corgi",264,"Cardigan, Cardigan Welsh corgi",0.775101,264,"Cardigan, Cardigan Welsh corgi",0.690274,253,"basenji",0.135923,195,"Boston bull, Boston terrier",0.093418,1,0.084827,8192,33025,0x1ba86820,"input_tensor",0,8192,0,0
"n02114855/n02114855_1044.JPEG","transient-SEFI-row","input_tensor",1,272,"coyote, prairie wolf, brush wolf, Canis latrans",272,"coyote, prairie wolf, brush wolf, Canis latrans",0.823074,272,"coyote, prairie wolf, brush wolf, Canis latrans",0.742254,104,"wallaby, brush kangaroo",0.047451,280,"grey fox, gray fox, Urocyon cinereoargenteus",0.041875,1,0.080820,8192,33025,0x1ba96820,"input_tensor",0,8192,0,0
"n02114855/n02114855_1047.JPEG","transient-SEFI-row","input_tensor",1,272,"coyote, prairie wolf, brush wolf, Canis latrans",272,"coyote, prairie wolf, brush wolf, Canis latrans",0.468838,271,"red wolf, maned wolf, Canis rufus, Canis niger",0.428243,272,"coyote, prairie wolf, brush wolf, Canis latrans",0.428243,269,"timber wolf, grey wolf, gray wolf, Canis lupus",0.065673,0,0.040595,8192,32737,0x1baa0820,"input_tensor",0,8192,0,0
"n02114855/n02114855_18848.JPEG","transient-SEFI-row","input_tensor",1,272,"coyote, prairie wolf, brush wolf, Canis latrans",293,"cheetah, chetah, Acinonyx jubatus",0.605047,291,"lion, king of beasts, Panthera leo",0.383059,293,"cheetah, chetah, Acinonyx jubatus",0.159683,276,"hyena, hyaena",0.109748,0,0.221987,8192,32831,0x1ba86820,"input_tensor",0,8192,0,0
"n02114855/n02114855_7204.JPEG","transient-SEFI-row","input_tensor",1,272,"coyote, prairie wolf, brush wolf, Canis latrans",272,"coyote, prairie wolf, brush wolf, Canis latrans",0.582914,272,"coyote, prairie wolf, brush wolf, Canis latrans",0.712012,280,"grey fox, gray fox, Urocyon cinereoargenteus",0.123729,269,"timber wolf, grey wolf, gray wolf, Canis lupus",0.040169,1,-0.129098,8192,32894,0x1ba9a820,"input_tensor",0,8192,0,0
"n02114855/n02114855_7265.JPEG","transient-SEFI-row","input_tensor",1,272,"coyote, prairie wolf, brush wolf, Canis latrans",342,"wild boar, boar, Sus scrofa",0.298694,342,"wild boar, boar, Sus scrofa",0.368126,343,"warthog",0.173891,272,"coyote, prairie wolf, brush wolf, Canis latrans",0.135426,0,-0.069432,8192,32778,0x1ba84820,"input_tensor",0,8192,0,0
"n02134418/n02134418_11090.JPEG","transient-SEFI-row","input_tensor",1,297,"sloth bear, Melursus ursinus, Ursus ursinus",297,"sloth bear, Melursus ursinus, Ursus ursinus",0.692614,297,"sloth bear, Melursus ursinus, Ursus ursinus",0.635400,295,"American black bear, black bear, Ursus americanus, Euarctos americanus",0.340105,106,"wombat",0.011638,1,0.057214,8192,32948,0x1baa2820,"input_tensor",0,8192,0,0
"n02134418/n02134418_2895.JPEG","transient-SEFI-row","input_tensor",1,297,"sloth bear, Melursus ursinus, Ursus ursinus",297,"sloth bear, Melursus ursinus, Ursus ursinus",0.446180,297,"sloth bear, Melursus ursinus, Ursus ursinus",0.694799,295,"American black bear, black bear, Ursus americanus, Euarctos americanus",0.255602,367,"chimpanzee, chimp, Pan troglodytes",0.012726,1,-0.248619,8192,32868,0x1ba8e820,"input_tensor",0,8192,0,0
"n02134418/n02134418_3846.JPEG","transient-SEFI-row","input_tensor",1,297,"sloth bear, Melursus ursinus, Ursus ursinus",297,"sloth bear, Melursus ursinus, Ursus ursinus",0.494941,297,"sloth bear, Melursus ursinus, Ursus ursinus",0.933179,295,"American black bear, black bear, Ursus americanus, Euarctos americanus",0.052646,224,"groenendael",0.003366,1,-0.438239,8192,32849,0x1ba86820,"input_tensor",0,8192,0,0
"n02134418/n02134418_4725.JPEG","transient-SEFI-row","input_tensor",1,297,"sloth bear, Melursus ursinus, Ursus ursinus",295,"American black bear, black bear, Ursus americanus, Euarctos americanus",0.403250,297,"sloth bear, Melursus ursinus, Ursus ursinus",0.609728,295,"American black bear, black bear, Ursus americanus, Euarctos americanus",0.197950,345,"ox",0.093505,1,-0.206477,8192,33244,0x1ba84820,"input_tensor",0,8192,0,0
"n02134418/n02134418_5777.JPEG","transient-SEFI-row","input_tensor",1,297,"sloth bear, Melursus ursinus, Ursus ursinus",525,"dam, dike, dyke",0.201296,525,"dam, dike, dyke",0.267633,562,"fountain",0.126421,471,"cannon",0.046508,0,-0.066337,8192,32814,0x1baa2820,"input_tensor",0,8192,0,0
"n02264363/n02264363_13680.JPEG","transient-SEFI-row","input_tensor",1,318,"lacewing, lacewing fly",971,"bubble",0.927123,971,"bubble",0.396238,549,"envelope",0.187170,815,"spider web, spider's web",0.036856,0,0.530885,8192,32751,0x1ba8e820,"input_tensor",0,8192,0,0
"n02264363/n02264363_3092.JPEG","transient-SEFI-row","input_tensor",1,318,"lacewing, lacewing fly",318,"lacewing, lacewing fly",0.982470,318,"lacewing, lacewing fly",0.974801,317,"leafhopper",0.005796,311,"grasshopper, hopper",0.004514,1,0.007669,8192,33052,0x1ba82820,"input_tensor",0,8192,0,0
"n02264363/n02264363_4632.JPEG","transient-SEFI-row","input_tensor",1,318,"lacewing, lacewing fly",318,"lacewing, lacewing fly",0.991091,318,"lacewing, lacewing fly",0.957624,325,"sulphur butterfly, sulfur butterfly",0.010638,879,"umbrella",0.004435,1,0.033467,8192,32841,0x1ba98820,"input_tensor",0,8192,0,0
"n02264363/n02264363_5318.JPEG","transient-SEFI-row","input_tensor",1,318,"lacewing, lacewing fly",318,"lacewing, lacewing fly",0.493661,318,"lacewing, lacewing fly",0.615374,316,"cicada, cicala",0.329386,317,"leafhopper",0.030638,1,-0.121713,3072,12238,0x1baa4820,"input_tensor",0,3072,0,0
"n02264363/n02264363_9846.JPEG","transient-SEFI-row","input_tensor",1,318,"lacewing, lacewing fly",318,"lacewing, lacewing fly",0.996948,318,"lacewing, lacewing fly",0.990533,319,"dragonfly, darning needle, devil's darning needle, sewing needle, snake feeder, snake doctor, mosquito hawk, skeeter hawk",0.002455,815,"spider web, spider's web",0.001687,1,0.006415,8192,33018,0x1ba8e820,"input_tensor",0,8192,0,0
"n02699494/n02699494_12579.JPEG","transient-SEFI-row","input_tensor",1,406,"altar",406,"altar",0.812472,406,"altar",0.802418,497,"church, church building",0.139439,442,"bell cote, bell cot",0.027457,1,0.010054,8192,32813,0x1ba9a820,"input_tensor",0,8192,0,0
"n02699494/n02699494_18171.JPEG","transient-SEFI-row","input_tensor",1,406,"altar",406,"altar",0.868191,406,"altar",0.947154,857,"throne",0.017348,887,"vestment",0.008194,1,-0.078962,8192,32723,0x1baa2820,"input_tensor",0,8192,0,0
"n02699494/n02699494_2349.JPEG","transient-SEFI-row","input_tensor",1,406,"altar",406,"altar",0.851167,406,"altar",0.847188,497,"church, church building",0.101182,884,"vault",0.025583,1,0.003979,3072,12473,0x1baa4820,"input_tensor",0,3072,0,0
"n02699494/n02699494_4661.JPEG","transient-SEFI-row","input_tensor",1,406,"altar",406,"altar",0.866693,406,"altar",0.925946,497,"church, church building",0.067075,884,"vault",0.000957,1,-0.059254,8192,33217,0x1ba82820,"input_tensor",0,8192,0,0
"n02699494/n02699494_4682.JPEG","transient-SEFI-row","input_tensor",1,406,"altar",406,"altar",0.588209,406,"altar",0.561770,884,"vault",0.340731,497,"church, church building",0.086150,1,0.026438,8192,32806,0x1ba8e820,"input_tensor",0,8192,0,0
"n02704792/n02704792_13304.JPEG","transient-SEFI-row","input_tensor",1,408,"amphibian, amphibious vehicle",408,"amphibian, amphibious vehicle",0.923312,408,"amphibian, amphibious vehicle",0.794300,814,"speedboat",0.138029,484,"catamaran",0.018680,1,0.129012,8192,33058,0x1ba9c820,"input_tensor",0,8192,0,0
"n02704792/n02704792_2135.JPEG","transient-SEFI-row","input_tensor",1,408,"amphibian, amphibious vehicle",408,"amphibian, amphibious vehicle",0.685473,408,"amphibian, amphibious vehicle",0.524262,536,"dock, dockage, docking facility",0.317981,403,"aircraft carrier, carrier, flattop, attack aircraft carrier",0.023034,1,0.161211,8192,32785,0x1ba88820,"input_tensor",0,8192,0,0
"n02704792/n02704792_28593.JPEG","transient-SEFI-row","input_tensor",1,408,"amphibian, amphibious vehicle",408,"amphibian, amphibious vehicle",0.772078,408,"amphibian, amphibious vehicle",0.693402,814,"speedboat",0.225115,847,"tank, army tank, armored combat vehicle, armoured combat vehicle",0.050230,1,0.078676,8192,33044,0x1ba80820,"input_tensor",0,8192,0,0
"n02704792/n02704792_4565.JPEG","transient-SEFI-row","input_tensor",1,408,"amphibian, amphibious vehicle",408,"amphibian, amphibious vehicle",0.943350,408,"amphibian, amphibious vehicle",0.701934,978,"seashore, coast, seacoast, sea-coast",0.073983,814,"speedboat",0.057618,1,0.241417,8192,32800,0x1ba9c820,"input_tensor",0,8192,0,0
"n02704792/n02704792_7641.JPEG","transient-SEFI-row","input_tensor",1,408,"amphibian, amphibious vehicle",408,"amphibian, amphibious vehicle",0.417904,408,"amphibian, amphibious vehicle",0.850000,586,"half track",0.115035,847,"tank, army tank, armored combat vehicle, armoured combat vehicle",0.029085,1,-0.432097,8192,32719,0x1ba8a820,"input_tensor",0,8192,0,0
"n02794156/n02794156_202.JPEG","transient-SEFI-row","input_tensor",1,426,"barometer",635,"magnetic compass",0.425148,635,"magnetic compass",0.441212,426,"barometer",0.389368,507,"combination lock",0.111556,0,-0.016063,8192,32815,0x1ba92820,"input_tensor",0,8192,0,0
"n02794156/n02794156_3679.JPEG","transient-SEFI-row","input_tensor",1,426,"barometer",707,"pay-phone, pay-station",0.127636,651,"microwave, microwave oven",0.165791,897,"washer, automatic washer, washing machine",0.129118,707,"pay-phone, pay-station",0.100557,0,-0.038155,8192,32906,0x1ba84820,"input_tensor",0,8192,0,0
"n02794156/n02794156_4688.JPEG","transient-SEFI-row","input_tensor",1,426,"barometer",426,"barometer",0.910080,426,"barometer",0.591330,635,"magnetic compass",0.358660,798,"slide rule, slipstick",0.025981,1,0.318750,8192,33122,0x1ba88820,"input_tensor",0,8192,0,0
"n02794156/n02794156_6604.JPEG","transient-SEFI-row","input_tensor",1,426,"barometer",778,"scale, weighing machine",0.271901,635,"magnetic compass",0.238072,778,"scale, weighing machine",0.238072,826,"stopwatch, stop watch",0.238072,0,0.033829,8192,32772,0x1ba90820,"input_tensor",0,8192,0,0
"n02794156/n02794156_7565.JPEG","transient-SEFI-row","input_tensor",1,426,"barometer",892,"wall clock",0.516359,892,"wall clock",0.567272,426,"barometer",0.236474,635,"magnetic compass",0.126575,0,-0.050912,8192,33032,0x1ba80820,"input_tensor",0,8192,0,0
"n03124043/n03124043_5402.JPEG","transient-SEFI-row","input_tensor",1,514,"cowboy boot",514,"cowboy boot",0.959286,514,"cowboy boot",0.945670,502,"clog, geta, patten, sabot",0.025201,788,"shoe shop, shoe-shop, shoe store",0.011904,1,0.013616,3072,12331,0x1baa4820,"input_tensor",0,3072,0,0
"n03124043/n03124043_5856.JPEG","transient-SEFI-row","input_tensor",1,514,"cowboy boot",514,"cowboy boot",0.973441,514,"cowboy boot",0.988417,788,"shoe shop, shoe-shop, shoe store",0.003565,894,"wardrobe, closet, press",0.002450,1,-0.014976,8192,32760,0x1baa0820,"input_tensor",0,8192,0,0
"n03124043/n03124043_6328.JPEG","transient-SEFI-row","input_tensor",1,514,"cowboy boot",502,"clog, geta, patten, sabot",0.597495,502,"clog, geta, patten, sabot",0.592673,630,"Loafer",0.169804,514,"cowboy boot",0.132243,0,0.004821,3072,12443,0x1baa4820,"input_tensor",0,3072,0,0
"n03124043/n03124043_7091.JPEG","transient-SEFI-row","input_tensor",1,514,"cowboy boot",514,"cowboy boot",0.995223,514,"cowboy boot",0.995323,51,"triceratops",0.001921,806,"sock",0.000801,1,-0.000100,8192,32978,0x1ba88820,"input_tensor",0,8192,0,0
"n03124043/n03124043_7889.JPEG","transient-SEFI-row","input_tensor",1,514,"cowboy boot",630,"Loafer",0.959297,630,"Loafer",0.843630,774,"sandal",0.078470,788,"shoe shop, shoe-shop, shoe store",0.009372,0,0.115667,8192,32921,0x1ba88820,"input_tensor",0,8192,0,0
"n03637318/n03637318_1066.JPEG","transient-SEFI-row","input_tensor",1,619,"lampshade, lamp shade",619,"lampshade, lamp shade",0.466994,470,"candle, taper, wax light",0.868151,619,"lampshade, lamp shade",0.043223,846,"table lamp",0.023135,0,-0.401157,8192,33233,0x1ba9e820,"input_tensor",0,8192,0,0
"n03637318/n03637318_14251.JPEG","transient-SEFI-row","input_tensor",1,619,"lampshade, lamp shade",619,"lampshade, lamp shade",0.304871,469,"caldron, cauldron",0.076292,673,"mouse, computer mouse",0.067328,909,"wok",0.052435,0,0.228579,8192,32891,0x1ba9c820,"input_tensor",0,8192,0,0
"n03637318/n03637318_16044.JPEG","transient-SEFI-row","input_tensor",1,619,"lampshade, lamp shade",846,"table lamp",0.498237,619,"lampshade, lamp shade",0.590685,846,"table lamp",0.405972,818,"spotlight, spot",0.001659,1,-0.092449,8192,32790,0x1ba80820,"input_tensor",0,8192,0,0
"n03637318/n03637318_6645.JPEG","transient-SEFI-row","input_tensor",1,619,"lampshade, lamp shade",619,"lampshade, lamp shade",0.759967,619,"lampshade, lamp shade",0.411562,607,"jack-o'-lantern",0.055699,854,"theater curtain, theatre curtain",0.049154,1,0.348405,8192,32880,0x1ba80820,"input_tensor",0,8192,0,0
"n03637318/n03637318_9369.JPEG","transient-SEFI-row","input_tensor",1,619,"lampshade, lamp shade",619,"lampshade, lamp shade",0.430548,619,"lampshade, lamp shade",0.385686,545,"electric fan, blower",0.182185,818,"spotlight, spot",0.059147,1,0.044861,8192,32860,0x1ba92820,"input_tensor",0,8192,0,0
"n03874293/n03874293_11031.JPEG","transient-SEFI-row","input_tensor",1,694,"paddlewheel, paddle wheel",694,"paddlewheel, paddle wheel",0.996261,694,"paddlewheel, paddle wheel",0.985822,595,"harvester, reaper",0.007527,517,"crane",0.001482,1,0.010439,8192,32772,0x1ba9a820,"input_tensor",0,8192,0,0
"n03874293/n03874293_14179.JPEG","transient-SEFI-row","input_tensor",1,694,"paddlewheel, paddle wheel",694,"paddlewheel, paddle wheel",0.991782,694,"paddlewheel, paddle wheel",0.994064,595,"harvester, reaper",0.001919,408,"amphibian, amphibious vehicle",0.001164,1,-0.002282,8192,32784,0x1ba8e820,"input_tensor",0,8192,0,0
"n03874293/n03874293_152.JPEG","transient-SEFI-row","input_tensor",1,694,"paddlewheel, paddle wheel",694,"paddlewheel, paddle wheel",0.987242,694,"paddlewheel, paddle wheel",0.975109,821,"steel arch bridge",0.013909,517,"crane",0.003517,1,0.012133,8192,32798,0x1ba92820,"input_tensor",0,8192,0,0
"n03874293/n03874293_22199.JPEG","transient-SEFI-row","input_tensor",1,694,"paddlewheel, paddle wheel",694,"paddlewheel, paddle wheel",0.986537,694,"paddlewheel, paddle wheel",0.994020,628,"liner, ocean liner",0.002174,471,"cannon",0.000906,1,-0.007483,8192,32964,0x1ba9e820,"input_tensor",0,8192,0,0
"n03874293/n03874293_4256.JPEG","transient-SEFI-row","input_tensor",1,694,"paddlewheel, paddle wheel",694,"paddlewheel, paddle wheel",0.940550,694,"paddlewheel, paddle wheel",0.989432,595,"harvester, reaper",0.008560,856,"thresher, thrasher, threshing machine",0.000228,1,-0.048882,8192,32770,0x1ba92820,"input_tensor",0,8192,0,0
"n03933933/n03933933_21453.JPEG","transient-SEFI-row","input_tensor",1,718,"pier",718,"pier",0.916420,718,"pier",0.931020,839,"suspension bridge",0.052525,821,"steel arch bridge",0.007108,1,-0.014600,8192,32754,0x1ba8a820,"input_tensor",0,8192,0,0
"n03933933/n03933933_24591.JPEG","transient-SEFI-row","input_tensor",1,718,"pier",718,"pier",0.440112,536,"dock, dockage, docking facility",0.739223,628,"liner, ocean liner",0.088288,718,"pier",0.060679,0,-0.299111,8192,32712,0x1ba92820,"input_tensor",0,8192,0,0
"n03933933/n03933933_31954.JPEG","transient-SEFI-row","input_tensor",1,718,"pier",718,"pier",0.587355,718,"pier",0.673641,839,"suspension bridge",0.318205,821,"steel arch bridge",0.002753,1,-0.086286,8192,32970,0x1ba88820,"input_tensor",0,8192,0,0
"n03933933/n03933933_4981.JPEG","transient-SEFI-row","input_tensor",1,718,"pier",821,"steel arch bridge",0.358216,821,"steel arch bridge",0.524003,718,"pier",0.280479,694,"paddlewheel, paddle wheel",0.070916,0,-0.165787,8192,32797,0x1ba9e820,"input_tensor",0,8192,0,0
"n03933933/n03933933_90.JPEG","transient-SEFI-row","input_tensor",1,718,"pier",821,"steel arch bridge",0.644463,821,"steel arch bridge",0.749612,718,"pier",0.243363,839,"suspension bridge",0.001858,0,-0.105149,3072,12313,0x1baa4820,"input_tensor",0,3072,0,0
"n04311004/n04311004_1647.JPEG","transient-SEFI-row","input_tensor",1,821,"steel arch bridge",821,"steel arch bridge",0.871478,821,"steel arch bridge",0.850485,718,"pier",0.130426,839,"suspension bridge",0.015577,1,0.020993,8192,32929,0x1ba9a820,"input_tensor",0,8192,0,0
"n04311004/n04311004_2766.JPEG","transient-SEFI-row","input_tensor",1,821,"steel arch bridge",821,"steel arch bridge",0.943891,821,"steel arch bridge",0.987601,718,"pier",0.007540,839,"suspension bridge",0.001020,1,-0.043711,8192,32900,0x1ba9e820,"input_tensor",0,8192,0,0
"n04311004/n04311004_3501.JPEG","transient-SEFI-row","input_tensor",1,821,"steel arch bridge",821,"steel arch bridge",0.955011,821,"steel arch bridge",0.956002,718,"pier",0.028869,839,"suspension bridge",0.007299,1,-0.000991,8192,32841,0x1baa0820,"input_tensor",0,8192,0,0
"n04311004/n04311004_3797.JPEG","transient-SEFI-row","input_tensor",1,821,"steel arch bridge",698,"palace",0.295567,698,"palace",0.173611,442,"bell cote, bell cot",0.092927,627,"limousine, limo",0.082008,0,0.121957,8192,32848,0x1ba8c820,"input_tensor",0,8192,0,0
"n04311004/n04311004_6632.JPEG","transient-SEFI-row","input_tensor",1,821,"steel arch bridge",718,"pier",0.399635,821,"steel arch bridge",0.604000,718,"pier",0.323298,839,"suspension bridge",0.049579,1,-0.204365,8192,32808,0x1ba90820,"input_tensor",0,8192,0,0
"n04355933/n04355933_13231.JPEG","transient-SEFI-row","input_tensor",1,836,"sunglass",836,"sunglass",0.303880,836,"sunglass",0.319143,837,"sunglasses, dark glasses, shades",0.150752,445,"bikini, two-piece",0.071210,1,-0.015263,8192,32675,0x1ba84820,"input_tensor",0,8192,0,0
"n04355933/n04355933_14508.JPEG","transient-SEFI-row","input_tensor",1,836,"sunglass",837,"sunglasses, dark glasses, shades",0.434983,837,"sunglasses, dark glasses, shades",0.486445,836,"sunglass",0.429286,838,"sunscreen, sunblock, sun blocker",0.006123,0,-0.051462,8192,32851,0x1ba8c820,"input_tensor",0,8192,0,0
"n04355933/n04355933_1754.JPEG","transient-SEFI-row","input_tensor",1,836,"sunglass",836,"sunglass",0.300387,836,"sunglass",0.353766,837,"sunglasses, dark glasses, shades",0.243140,445,"bikini, two-piece",0.069661,1,-0.053379,8192,32767,0x1ba88820,"input_tensor",0,8192,0,0
"n04355933/n04355933_2717.JPEG","transient-SEFI-row","input_tensor",1,836,"sunglass",837,"sunglasses, dark glasses, shades",0.598911,837,"sunglasses, dark glasses, shades",0.549161,836,"sunglass",0.377432,808,"sombrero",0.011397,0,0.049750,8192,33035,0x1ba92820,"input_tensor",0,8192,0,0
"n04355933/n04355933_3450.JPEG","transient-SEFI-row","input_tensor",1,836,"sunglass",655,"miniskirt, mini",0.234825,445,"bikini, two-piece",0.252881,655,"miniskirt, mini",0.196944,638,"maillot",0.153380,0,-0.018055,8192,32864,0x1ba8a820,"input_tensor",0,8192,0,0
"n04370456/n04370456_3046.JPEG","transient-SEFI-row","input_tensor",1,841,"sweatshirt",841,"sweatshirt",0.482063,399,"abaya",0.317894,501,"cloak",0.103205,735,"poncho",0.080376,0,0.164169,8192,32801,0x1ba9c820,"input_tensor",0,8192,0,0
"n04370456/n04370456_4380.JPEG","transient-SEFI-row","input_tensor",1,841,"sweatshirt",617,"lab coat, laboratory coat",0.320217,564,"four-poster",0.473489,750,"quilt, comforter, comfort, puff",0.287186,601,"hoopskirt, crinoline",0.049905,0,-0.153272,8192,32911,0x1ba8c820,"input_tensor",0,8192,0,0
"n04370456/n04370456_5698.JPEG","transient-SEFI-row","input_tensor",1,841,"sweatshirt",841,"sweatshirt",0.924297,841,"sweatshirt",0.906767,610,"jersey, T-shirt, tee shirt",0.039841,638,"maillot",0.006923,1,0.017530,8192,32800,0x1ba9a820,"input_tensor",0,8192,0,0
"n04370456/n04370456_6227.JPEG","transient-SEFI-row","input_tensor",1,841,"sweatshirt",841,"sweatshirt",0.856680,841,"sweatshirt",0.736625,722,"ping-pong ball",0.068517,610,"jersey, T-shirt, tee shirt",0.047091,1,0.120054,8192,32756,0x1ba88820,"input_tensor",0,8192,0,0
"n04370456/n04370456_942.JPEG","transient-SEFI-row","input_tensor",1,841,"sweatshirt",841,"sweatshirt",0.992070,841,"sweatshirt",0.859122,610,"jersey, T-shirt, tee shirt",0.102607,869,"trench coat",0.009544,1,0.132948,8192,32978,0x1ba86820,"input_tensor",0,8192,0,0
"n04557648/n04557648_1727.JPEG","transient-SEFI-row","input_tensor",1,898,"water bottle",909,"wok",0.491084,737,"pop bottle, soda bottle",0.104465,509,"confectionery, confectionary, candy store",0.092190,898,"water bottle",0.092190,0,0.386619,8192,32937,0x1ba8c820,"input_tensor",0,8192,0,0
"n04557648/n04557648_2063.JPEG","transient-SEFI-row","input_tensor",1,898,"water bottle",898,"water bottle",0.136696,562,"fountain",0.074690,708,"pedestal, plinth, footstall",0.058168,832,"stupa, tope",0.051333,0,0.062007,8192,33011,0x1ba98820,"input_tensor",0,8192,0,0
"n04557648/n04557648_29432.JPEG","transient-SEFI-row","input_tensor",1,898,"water bottle",435,"bathtub, bathing tub, bath, tub",0.233690,435,"bathtub, bathing tub, bath, tub",0.177349,488,"chain",0.094928,896,"washbasin, handbasin, washbowl, lavabo, wash-hand basin",0.073930,0,0.056341,8192,32674,0x1ba8a820,"input_tensor",0,8192,0,0
"n04557648/n04557648_310.JPEG","transient-SEFI-row","input_tensor",1,898,"water bottle",737,"pop bottle, soda bottle",0.324651,737,"pop bottle, soda bottle",0.167182,424,"barbershop",0.147538,893,"wallet, billfold, notecase, pocketbook",0.130201,0,0.157469,8192,32956,0x1ba8a820,"input_tensor",0,8192,0,0
"n04557648/n04557648_8444.JPEG","transient-SEFI-row","input_tensor",1,898,"water bottle",898,"water bottle",0.455421,898,"water bottle",0.315803,626,"lighter, light, igniter, ignitor",0.217048,737,"pop bottle, soda bottle",0.131646,1,0.139618,8192,32879,0x1baa2820,"input_tensor",0,8192,0,0
"n09399592/n09399592_17820.JPEG","transient-SEFI-row","input_tensor",1,976,"promontory, headland, head, foreland",976,"promontory, headland, head, foreland",0.944685,976,"promontory, headland, head, foreland",0.951103,978,"seashore, coast, seacoast, sea-coast",0.036878,977,"sandbar, sand bar",0.003027,1,-0.006418,8192,32983,0x1ba8a820,"input_tensor",0,8192,0,0
"n09399592/n09399592_57381.JPEG","transient-SEFI-row","input_tensor",1,976,"promontory, headland, head, foreland",976,"promontory, headland, head, foreland",0.846379,976,"promontory, headland, head, foreland",0.797719,978,"seashore, coast, seacoast, sea-coast",0.084079,972,"cliff, drop, drop-off",0.084079,1,0.048660,8192,33094,0x1ba9e820,"input_tensor",0,8192,0,0
"n09399592/n09399592_58193.JPEG","transient-SEFI-row","input_tensor",1,976,"promontory, headland, head, foreland",976,"promontory, headland, head, foreland",0.437769,976,"promontory, headland, head, foreland",0.543382,972,"cliff, drop, drop-off",0.290851,978,"seashore, coast, seacoast, sea-coast",0.155682,1,-0.105613,3072,12445,0x1baa4820,"input_tensor",0,3072,0,0
"n09399592/n09399592_74394.JPEG","transient-SEFI-row","input_tensor",1,976,"promontory, headland, head, foreland",972,"cliff, drop, drop-off",0.446390,976,"promontory, headland, head, foreland",0.559101,972,"cliff, drop, drop-off",0.384264,978,"seashore, coast, seacoast, sea-coast",0.052004,1,-0.112710,8192,32773,0x1ba9c820,"input_tensor",0,8192,0,0
"n09399592/n09399592_87777.JPEG","transient-SEFI-row","input_tensor",1,976,"promontory, headland, head, foreland",976,"promontory, headland, head, foreland",0.761826,976,"promontory, headland, head, foreland",0.516771,978,"seashore, coast, seacoast, sea-coast",0.190109,977,"sandbar, sand bar",0.167771,1,0.245056,8192,32931,0x1ba92820,"input_tensor",0,8192,0,0
"n12985857/n12985857_10703.JPEG","transient-SEFI-row","input_tensor",1,991,"coral fungus",991,"coral fungus",0.950207,991,"coral fungus",0.946758,996,"hen-of-the-woods, hen of the woods, Polyporus frondosus, Grifola frondosa",0.019649,947,"mushroom",0.008191,1,0.003449,8192,32669,0x1ba8e820,"input_tensor",0,8192,0,0
"n12985857/n12985857_1312.JPEG","transient-SEFI-row","input_tensor",1,991,"coral fungus",991,"coral fungus",0.981668,991,"coral fungus",0.995308,996,"hen-of-the-woods, hen of the woods, Polyporus frondosus, Grifola frondosa",0.001496,973,"coral reef",0.000908,1,-0.013640,8192,33057,0x1ba82820,"input_tensor",0,8192,0,0
"n12985857/n12985857_6677.JPEG","transient-SEFI-row","input_tensor",1,991,"coral fungus",991,"coral fungus",0.701232,991,"coral fungus",0.447710,973,"coral reef",0.239642,109,"brain coral",0.022290,1,0.253522,8192,32695,0x1baa2820,"input_tensor",0,8192,0,0
"n12985857/n12985857_7042.JPEG","transient-SEFI-row","input_tensor",1,991,"coral fungus",991,"coral fungus",0.858567,79,"centipede",0.192519,27,"eft",0.169897,488,"chain",0.149934,0,0.666048,8192,32935,0x1ba90820,"input_tensor",0,8192,0,0
"n12985857/n12985857_7767.JPEG","transient-SEFI-row","input_tensor",1,991,"coral fungus",991,"coral fungus",0.850236,991,"coral fungus",0.956874,973,"coral reef",0.019859,996,"hen-of-the-woods, hen of the woods, Polyporus frondosus, Grifola frondosa",0.017526,1,-0.106638,8192,32901,0x1ba8e820,"input_tensor",0,8192,0,0
