run_id,target,k,fault_ddr4_addr,fault_byte_offset,fault_bit,fault_region,timeout,crash,output_anomaly,top1_match,top5_match,baseline_top1,faulty_top1,baseline_prob,faulty_prob,prob_drop,recovered
0,BUFFERS,10,0xaaab238586cc,876,6,BUFFERS,0,0,0,0,0,109,121,0.982662,0.828475,0.154187,0
1,BUFFERS,10,0xaaab238586fe,926,4,BUFFERS,0,0,0,1,1,109,109,0.982662,0.766096,0.216566,0
2,BUFFERS,10,0xaaab23858660,768,4,BUFFERS,0,0,0,0,0,109,545,0.982662,0.999987,-0.017326,0
3,BUFFERS,10,0xaaab238585c8,616,4,BUFFERS,0,0,0,0,0,109,744,0.982662,0.999994,-0.017332,0
4,BUFFERS,10,0xaaab238586d2,882,7,BUFFERS,0,0,0,0,0,109,882,0.982662,0.999978,-0.017316,0
5,BUFFERS,10,0xaaab238586f3,915,4,BUFFERS,0,0,0,0,0,109,92,0.982662,0.999992,-0.017330,0
6,BUFFERS,10,0xaaab2385837f,31,4,BUFFERS,0,0,0,1,1,109,109,0.982662,0.592359,0.390303,0
7,BUFFERS,10,0xaaab23858525,453,5,BUFFERS,0,0,0,1,1,109,109,0.982662,0.980262,0.002400,0
8,BUFFERS,10,0xaaab238584e9,393,0,BUFFERS,0,0,0,1,1,109,109,0.982662,0.982497,0.000165,0
9,BUFFERS,10,0xaaab238586a8,840,0,BUFFERS,0,0,0,0,0,109,656,0.982662,0.999997,-0.017335,0
10,BUFFERS,10,0xaaab238584bc,348,4,BUFFERS,0,0,0,0,0,109,336,0.982662,0.999998,-0.017336,0
11,BUFFERS,10,0xaaab238585d3,627,6,BUFFERS,0,0,0,0,0,109,454,0.982662,0.679175,0.303487,0
12,BUFFERS,10,0xaaab23858481,289,3,BUFFERS,0,0,0,0,0,109,919,0.982662,1.000000,-0.017338,0
13,BUFFERS,10,0xaaab2385854d,493,5,BUFFERS,0,0,0,1,1,109,109,0.982662,0.982662,-0.000000,0
14,BUFFERS,10,0xaaab23858692,818,4,BUFFERS,0,0,0,1,1,109,109,0.982662,0.982085,0.000577,0
15,BUFFERS,10,0xaaab23858526,454,0,BUFFERS,0,0,0,1,1,109,109,0.982662,0.589647,0.393015,0
16,BUFFERS,10,0xaaab238583a7,71,5,BUFFERS,0,0,0,0,0,109,696,0.982662,0.999997,-0.017335,0
17,BUFFERS,10,0xaaab238583c6,102,0,BUFFERS,0,0,0,0,0,109,935,0.982662,0.622457,0.360205,0
18,BUFFERS,10,0xaaab238586c2,866,5,BUFFERS,0,0,0,0,0,109,677,0.982662,0.762081,0.220581,0
19,BUFFERS,10,0xaaab2385851a,442,4,BUFFERS,0,0,0,1,1,109,109,0.982662,0.982662,0.000000,0
20,BUFFERS,10,0xaaab23858412,178,4,BUFFERS,0,0,0,0,0,109,33,0.982662,0.630703,0.351959,0
21,BUFFERS,10,0xaaab2385846f,271,1,BUFFERS,0,0,0,0,0,109,384,0.982662,0.777299,0.205363,0
22,BUFFERS,10,0xaaab2385866a,778,0,BUFFERS,0,0,0,0,0,109,186,0.982662,0.999983,-0.017321,0
23,BUFFERS,10,0xaaab23858675,789,1,BUFFERS,0,0,0,0,0,109,877,0.982662,0.999997,-0.017335,0
24,BUFFERS,10,0xaaab23858614,692,6,BUFFERS,0,0,0,1,1,109,109,0.982662,0.766096,0.216566,0
25,BUFFERS,10,0xaaab238584de,382,2,BUFFERS,0,0,0,0,0,109,742,0.982662,0.999996,-0.017334,0
26,BUFFERS,10,0xaaab238585f1,657,4,BUFFERS,0,0,0,1,1,109,109,0.982662,0.982662,-0.000000,0
27,BUFFERS,10,0xaaab23858516,438,0,BUFFERS,0,0,0,1,1,109,109,0.982662,0.839452,0.143210,0
28,BUFFERS,10,0xaaab23858373,19,1,BUFFERS,0,0,0,1,1,109,109,0.982662,0.982662,0.000000,0
29,BUFFERS,10,0xaaab23858426,198,5,BUFFERS,0,0,0,1,1,109,109,0.982662,0.615650,0.367012,0
30,BUFFERS,10,0xaaab23858563,515,4,BUFFERS,0,0,0,0,0,109,915,0.982662,0.999997,-0.017335,0
31,BUFFERS,10,0xaaab2385839a,58,5,BUFFERS,0,0,0,1,1,109,109,0.982662,0.982504,0.000158,0
32,BUFFERS,10,0xaaab238585f9,665,3,BUFFERS,0,0,0,0,0,109,595,0.982662,0.999999,-0.017337,0
33,BUFFERS,10,0xaaab2385864c,748,3,BUFFERS,0,0,0,1,1,109,109,0.982662,0.982662,-0.000000,0
34,BUFFERS,10,0xaaab2385853d,477,1,BUFFERS,0,0,0,0,0,109,923,0.982662,0.999997,-0.017335,0
35,BUFFERS,10,0xaaab23858505,421,4,BUFFERS,0,0,0,0,0,109,817,0.982662,0.999964,-0.017302,0
36,BUFFERS,10,0xaaab23858534,468,1,BUFFERS,0,0,0,1,1,109,109,0.982662,0.982718,-0.000056,0
37,BUFFERS,10,0xaaab238583b0,80,3,BUFFERS,0,0,0,1,1,109,109,0.982662,0.982664,-0.000002,0
38,BUFFERS,10,0xaaab23858585,549,1,BUFFERS,0,0,0,1,1,109,109,0.982662,0.987971,-0.005309,0
39,BUFFERS,10,0xaaab238586b7,855,2,BUFFERS,0,0,0,0,0,109,827,0.982662,0.999997,-0.017336,0
40,BUFFERS,10,0xaaab23858657,759,6,BUFFERS,0,0,0,1,1,109,109,0.982662,0.981923,0.000739,0
41,BUFFERS,10,0xaaab23858572,530,5,BUFFERS,0,0,0,0,0,109,755,0.982662,0.999996,-0.017334,0
42,BUFFERS,10,0xaaab2385853d,477,1,BUFFERS,0,0,0,1,1,109,109,0.982662,0.982655,0.000007,0
43,BUFFERS,10,0xaaab238585c9,617,1,BUFFERS,0,0,0,1,1,109,109,0.982662,0.979654,0.003008,0
44,BUFFERS,10,0xaaab23858590,560,7,BUFFERS,0,0,0,0,0,109,139,0.982662,0.999998,-0.017336,0
45,BUFFERS,10,0xaaab2385841a,186,2,BUFFERS,0,0,0,1,1,109,109,0.982662,0.982578,0.000084,0
46,BUFFERS,10,0xaaab23858476,278,2,BUFFERS,0,0,0,0,0,109,900,0.982662,0.999998,-0.017336,0
47,BUFFERS,10,0xaaab2385842a,202,5,BUFFERS,0,0,0,1,1,109,109,0.982662,0.982606,0.000056,0
48,BUFFERS,10,0xaaab2385851b,443,2,BUFFERS,0,0,0,1,1,109,109,0.982662,0.993551,-0.010889,0
49,BUFFERS,10,0xaaab23858431,209,4,BUFFERS,0,0,0,0,0,109,442,0.982662,0.999954,-0.017292,0
50,BUFFERS,10,0xaaab2385843b,219,2,BUFFERS,0,0,0,0,0,109,41,0.982662,0.999993,-0.017331,0
51,BUFFERS,10,0xaaab23858597,567,4,BUFFERS,0,0,0,1,1,109,109,0.982662,0.766712,0.215950,0
52,BUFFERS,10,0xaaab23858401,161,0,BUFFERS,0,0,0,0,0,109,926,0.982662,0.999999,-0.017337,0
53,BUFFERS,10,0xaaab2385871f,959,7,BUFFERS,0,0,0,0,0,109,534,0.982662,0.999991,-0.017329,0
54,BUFFERS,10,0xaaab2385840d,173,2,BUFFERS,0,0,0,0,0,109,127,0.982662,0.999996,-0.017334,0
55,BUFFERS,10,0xaaab238585e1,641,4,BUFFERS,0,0,0,0,0,109,665,0.982662,0.999998,-0.017336,0
56,BUFFERS,10,0xaaab23858592,562,7,BUFFERS,0,0,0,0,0,109,299,0.982662,0.999997,-0.017335,0
57,BUFFERS,10,0xaaab238586a6,838,4,BUFFERS,0,0,0,0,0,109,437,0.982662,0.999991,-0.017329,0
58,BUFFERS,10,0xaaab23858577,535,2,BUFFERS,0,0,0,0,0,109,170,0.982662,0.999992,-0.017330,0
59,BUFFERS,10,0xaaab238584ae,334,3,BUFFERS,0,0,0,0,0,109,42,0.982662,0.999995,-0.017333,0
60,BUFFERS,10,0xaaab2385855a,506,2,BUFFERS,0,0,0,1,1,109,109,0.982662,0.766248,0.216414,0
61,BUFFERS,10,0xaaab23858689,809,1,BUFFERS,0,0,0,1,1,109,109,0.982662,0.982510,0.000152,0
62,BUFFERS,10,0xaaab23858564,516,7,BUFFERS,0,0,0,0,0,109,516,0.982662,0.568546,0.414116,0
63,BUFFERS,10,0xaaab23858420,192,2,BUFFERS,0,0,0,0,0,109,115,0.982662,0.997481,-0.014819,0
64,BUFFERS,10,0xaaab23858536,470,1,BUFFERS,0,0,0,0,0,109,574,0.982662,0.727606,0.255056,0
65,BUFFERS,10,0xaaab23858473,275,2,BUFFERS,0,0,0,0,0,109,631,0.982662,0.999997,-0.017335,0
66,BUFFERS,10,0xaaab238583d6,118,0,BUFFERS,0,0,0,1,1,109,109,0.982662,0.556019,0.426643,0
67,BUFFERS,10,0xaaab23858667,775,6,BUFFERS,0,0,0,0,0,109,131,0.982662,0.679176,0.303486,0
68,BUFFERS,10,0xaaab2385853a,474,0,BUFFERS,0,0,0,0,0,109,84,0.982662,0.557818,0.424844,0
69,BUFFERS,10,0xaaab23858430,208,3,BUFFERS,0,0,0,1,1,109,109,0.982662,0.982560,0.000102,0
70,BUFFERS,10,0xaaab23858566,518,3,BUFFERS,0,0,0,1,1,109,109,0.982662,0.982661,0.000001,0
71,BUFFERS,10,0xaaab2385862f,719,0,BUFFERS,0,0,0,0,0,109,426,0.982662,0.589796,0.392866,0
72,BUFFERS,10,0xaaab238585c2,610,0,BUFFERS,0,0,0,0,0,109,349,0.982662,0.999995,-0.017333,0
73,BUFFERS,10,0xaaab238586db,891,4,BUFFERS,0,0,0,0,0,109,950,0.982662,0.903296,0.079366,0
74,BUFFERS,10,0xaaab238583cc,108,7,BUFFERS,0,0,0,0,0,109,476,0.982662,0.999986,-0.017324,0
75,BUFFERS,10,0xaaab238586cf,879,7,BUFFERS,0,0,0,1,1,109,109,0.982662,0.867317,0.115345,0
76,BUFFERS,10,0xaaab238585e2,642,5,BUFFERS,0,0,0,1,1,109,109,0.982662,0.839188,0.143474,0
77,BUFFERS,10,0xaaab23858565,517,0,BUFFERS,0,0,0,0,0,109,484,0.982662,0.999999,-0.017337,0
78,BUFFERS,10,0xaaab238585cc,620,4,BUFFERS,0,0,0,0,0,109,710,0.982662,0.514209,0.468453,0
79,BUFFERS,10,0xaaab23858507,423,1,BUFFERS,0,0,0,1,1,109,109,0.982662,0.982662,0.000000,0
80,BUFFERS,10,0xaaab238584ae,334,5,BUFFERS,0,0,0,0,0,109,615,0.982662,0.999993,-0.017331,0
81,BUFFERS,10,0xaaab238583f0,144,0,BUFFERS,0,0,0,1,1,109,109,0.982662,0.982659,0.000003,0
82,BUFFERS,10,0xaaab23858681,801,1,BUFFERS,0,0,0,0,0,109,586,0.982662,0.999991,-0.017329,0
83,BUFFERS,10,0xaaab238584ab,331,1,BUFFERS,0,0,0,0,0,109,731,0.982662,0.731058,0.251604,0
84,BUFFERS,10,0xaaab238584a8,328,4,BUFFERS,0,0,0,0,0,109,418,0.982662,0.679178,0.303484,0
85,BUFFERS,10,0xaaab2385846d,269,3,BUFFERS,0,0,0,0,0,109,452,0.982662,0.618340,0.364322,0
86,BUFFERS,10,0xaaab238583e3,131,0,BUFFERS,0,0,0,0,0,109,346,0.982662,0.999994,-0.017332,0
87,BUFFERS,10,0xaaab2385842f,207,3,BUFFERS,0,0,0,0,0,109,735,0.982662,0.675284,0.307378,0
88,BUFFERS,10,0xaaab2385861a,698,0,BUFFERS,0,0,0,0,0,109,379,0.982662,0.999992,-0.017330,0
89,BUFFERS,10,0xaaab23858674,788,0,BUFFERS,0,0,0,0,0,109,633,0.982662,0.817573,0.165089,0
90,BUFFERS,10,0xaaab23858593,563,0,BUFFERS,0,0,0,0,0,109,606,0.982662,0.999556,-0.016894,0
91,BUFFERS,10,0xaaab238586fd,925,7,BUFFERS,0,0,0,0,0,109,925,0.982662,0.999998,-0.017336,0
92,BUFFERS,10,0xaaab238585c4,612,4,BUFFERS,0,0,0,0,0,109,848,0.982662,0.999998,-0.017336,0
93,BUFFERS,10,0xaaab23858587,551,5,BUFFERS,0,0,0,0,0,109,794,0.982662,0.999999,-0.017337,0
94,BUFFERS,10,0xaaab238585df,639,6,BUFFERS,0,0,0,0,0,109,56,0.982662,0.999986,-0.017324,0
95,BUFFERS,10,0xaaab238583d9,121,0,BUFFERS,0,0,0,0,0,109,841,0.982662,0.999997,-0.017335,0
96,BUFFERS,10,0xaaab23858629,713,7,BUFFERS,0,0,0,0,0,109,713,0.982662,0.999995,-0.017333,0
97,BUFFERS,10,0xaaab23858424,196,1,BUFFERS,0,0,0,1,1,109,109,0.982662,0.753717,0.228945,0
98,BUFFERS,10,0xaaab238586c7,871,3,BUFFERS,0,0,0,0,0,109,767,0.982662,0.999999,-0.017337,0
99,BUFFERS,10,0xaaab238585fb,667,7,BUFFERS,0,0,0,0,0,109,667,0.982662,0.999987,-0.017325,0
100,BUFFERS,10,0xaaab238586ec,908,1,BUFFERS,0,0,0,0,0,109,815,0.982662,0.618322,0.364340,0
101,BUFFERS,10,0xaaab23858541,481,7,BUFFERS,0,0,0,0,0,109,778,0.982662,0.851951,0.130711,0
102,BUFFERS,10,0xaaab23858709,937,6,BUFFERS,0,0,0,0,0,109,937,0.982662,0.727606,0.255056,0
103,BUFFERS,10,0xaaab238584bc,348,3,BUFFERS,0,0,0,1,1,109,109,0.982662,0.982662,0.000000,0
104,BUFFERS,10,0xaaab23858737,983,5,BUFFERS,0,0,0,1,1,109,109,0.982662,0.844842,0.137820,0
105,BUFFERS,10,0xaaab238585bc,604,1,BUFFERS,0,0,0,1,1,109,109,0.982662,0.982623,0.000039,0
106,BUFFERS,10,0xaaab238586da,890,0,BUFFERS,0,0,0,1,1,109,109,0.982662,0.615697,0.366965,0
107,BUFFERS,10,0xaaab23858734,980,0,BUFFERS,0,0,0,0,0,109,601,0.982662,0.999976,-0.017314,0
108,BUFFERS,10,0xaaab238586d5,885,0,BUFFERS,0,0,0,1,1,109,109,0.982662,0.982591,0.000071,0
109,BUFFERS,10,0xaaab238586a1,833,6,BUFFERS,0,0,0,1,1,109,109,0.982662,0.982409,0.000253,0
110,BUFFERS,10,0xaaab23858707,935,0,BUFFERS,0,0,0,0,0,109,350,0.982662,0.622458,0.360204,0
111,BUFFERS,10,0xaaab23858649,745,7,BUFFERS,0,0,0,0,0,109,745,0.982662,0.999993,-0.017331,0
112,BUFFERS,10,0xaaab2385866c,780,6,BUFFERS,0,0,0,0,0,109,152,0.982662,0.999987,-0.017325,0
113,BUFFERS,10,0xaaab2385865a,762,1,BUFFERS,0,0,0,0,0,109,483,0.982662,0.817573,0.165089,0
114,BUFFERS,10,0xaaab23858406,166,6,BUFFERS,0,0,0,1,1,109,109,0.982662,0.982652,0.000010,0
115,BUFFERS,10,0xaaab238583e0,128,2,BUFFERS,0,0,0,1,1,109,109,0.982662,0.982615,0.000047,0
116,BUFFERS,10,0xaaab23858471,273,6,BUFFERS,0,0,0,1,1,109,109,0.982662,0.977550,0.005112,0
117,BUFFERS,10,0xaaab238586a1,833,4,BUFFERS,0,0,0,1,1,109,109,0.982662,0.671130,0.311532,0
118,BUFFERS,10,0xaaab23858711,945,2,BUFFERS,0,0,0,0,0,109,850,0.982662,0.675359,0.307303,0
119,BUFFERS,10,0xaaab2385863c,732,0,BUFFERS,0,0,0,0,0,109,406,0.982662,0.679178,0.303484,0
120,BUFFERS,10,0xaaab2385846c,268,7,BUFFERS,0,0,0,0,0,109,597,0.982662,0.622458,0.360204,0
121,BUFFERS,10,0xaaab238585dd,637,2,BUFFERS,0,0,0,0,0,109,875,0.982662,0.999990,-0.017328,0
122,BUFFERS,10,0xaaab23858731,977,5,BUFFERS,0,0,0,0,0,109,736,0.982662,0.622458,0.360204,0
123,BUFFERS,10,0xaaab238583d0,112,0,BUFFERS,0,0,0,1,1,109,109,0.982662,0.982627,0.000035,0
124,BUFFERS,10,0xaaab238585e7,647,1,BUFFERS,0,0,0,1,1,109,109,0.982662,0.982661,0.000000,0
125,BUFFERS,10,0xaaab23858707,935,6,BUFFERS,0,0,0,0,0,109,937,0.982662,0.727428,0.255233,0
126,BUFFERS,10,0xaaab23858377,23,6,BUFFERS,0,0,0,0,0,109,742,0.982662,0.999991,-0.017329,0
127,BUFFERS,10,0xaaab23858691,817,2,BUFFERS,0,0,0,0,0,109,520,0.982662,0.999975,-0.017313,0
128,BUFFERS,10,0xaaab238585b6,598,5,BUFFERS,0,0,0,0,0,109,517,0.982662,0.999995,-0.017333,0
129,BUFFERS,10,0xaaab23858630,720,0,BUFFERS,0,0,0,1,1,109,109,0.982662,0.982662,0.000000,0
130,BUFFERS,10,0xaaab2385871c,956,2,BUFFERS,0,0,0,1,1,109,109,0.982662,0.982658,0.000004,0
131,BUFFERS,10,0xaaab2385848e,302,6,BUFFERS,0,0,0,0,0,109,269,0.982662,0.622391,0.360271,0
132,BUFFERS,10,0xaaab238584f1,401,1,BUFFERS,0,0,0,0,0,109,678,0.982662,0.999998,-0.017336,0
133,BUFFERS,10,0xaaab2385862a,714,0,BUFFERS,0,0,0,0,0,109,279,0.982662,0.999997,-0.017335,0
134,BUFFERS,10,0xaaab238584bc,348,5,BUFFERS,0,0,0,0,0,109,72,0.982662,0.622458,0.360204,0
135,BUFFERS,10,0xaaab2385851f,447,2,BUFFERS,0,0,0,0,0,109,232,0.982662,0.999999,-0.017337,0
136,BUFFERS,10,0xaaab2385855b,507,1,BUFFERS,0,0,0,0,0,109,53,0.982662,0.999999,-0.017337,0
137,BUFFERS,10,0xaaab23858486,294,7,BUFFERS,0,0,0,1,1,109,109,0.982662,0.753374,0.229288,0
138,BUFFERS,10,0xaaab23858610,688,5,BUFFERS,0,0,0,0,0,109,862,0.982662,0.999962,-0.017300,0
139,BUFFERS,10,0xaaab238586b8,856,5,BUFFERS,0,0,0,0,0,109,889,0.982662,0.622455,0.360207,0
140,BUFFERS,10,0xaaab2385867a,794,1,BUFFERS,0,0,0,0,0,109,825,0.982662,0.675356,0.307306,0
141,BUFFERS,10,0xaaab2385842c,204,6,BUFFERS,0,0,0,0,0,109,548,0.982662,0.777296,0.205366,0
142,BUFFERS,10,0xaaab238586a7,839,3,BUFFERS,0,0,0,0,0,109,795,0.982662,0.999928,-0.017266,0
143,BUFFERS,10,0xaaab238585c8,616,5,BUFFERS,0,0,0,1,1,109,109,0.982662,0.982620,0.000042,0
144,BUFFERS,10,0xaaab23858477,279,3,BUFFERS,0,0,0,1,1,109,109,0.982662,0.556655,0.426007,0
145,BUFFERS,10,0xaaab238584e3,387,6,BUFFERS,0,0,0,0,0,109,650,0.982662,0.575851,0.406811,0
146,BUFFERS,10,0xaaab238586c7,871,6,BUFFERS,0,0,0,1,1,109,109,0.982662,0.839337,0.143325,0
147,BUFFERS,10,0xaaab238586d7,887,4,BUFFERS,0,0,0,1,1,109,109,0.982662,0.839333,0.143329,0
148,BUFFERS,10,0xaaab238585df,639,0,BUFFERS,0,0,0,0,0,109,477,0.982662,0.999930,-0.017268,0
149,BUFFERS,10,0xaaab238586e5,901,5,BUFFERS,0,0,0,1,1,109,109,0.982662,0.557200,0.425462,0
150,BUFFERS,10,0xaaab23858424,196,6,BUFFERS,0,0,0,1,1,109,109,0.982662,0.982661,0.000001,0
151,BUFFERS,10,0xaaab23858378,24,0,BUFFERS,0,0,0,0,0,109,72,0.982662,0.999997,-0.017335,0
152,BUFFERS,10,0xaaab23858688,808,0,BUFFERS,0,0,0,1,1,109,109,0.982662,0.982466,0.000196,0
153,BUFFERS,10,0xaaab238586ac,844,3,BUFFERS,0,0,0,1,1,109,109,0.982662,0.982662,0.000000,0
154,BUFFERS,10,0xaaab238585d8,632,2,BUFFERS,0,0,0,0,0,109,173,0.982662,0.999997,-0.017335,0
155,BUFFERS,10,0xaaab2385849f,319,1,BUFFERS,0,0,0,1,1,109,109,0.982662,0.982662,-0.000000,0
156,BUFFERS,10,0xaaab238586cf,879,1,BUFFERS,0,0,0,0,0,109,422,0.982662,0.999994,-0.017332,0
157,BUFFERS,10,0xaaab23858416,182,4,BUFFERS,0,0,0,1,1,109,109,0.982662,0.982662,-0.000000,0
158,BUFFERS,10,0xaaab23858421,193,4,BUFFERS,0,0,0,1,1,109,109,0.982662,0.720745,0.261917,0
159,BUFFERS,10,0xaaab238583a3,67,7,BUFFERS,0,0,0,0,0,109,67,0.982662,0.528251,0.454411,0
160,BUFFERS,10,0xaaab23858412,178,0,BUFFERS,0,0,0,0,0,109,43,0.982662,0.622458,0.360204,0
161,BUFFERS,10,0xaaab23858404,164,7,BUFFERS,0,0,0,1,1,109,109,0.982662,0.804973,0.177689,0
162,BUFFERS,10,0xaaab23858390,48,4,BUFFERS,0,0,0,0,0,109,431,0.982662,0.999998,-0.017336,0
163,BUFFERS,10,0xaaab23858401,161,4,BUFFERS,0,0,0,1,1,109,109,0.982662,0.982662,0.000000,0
164,BUFFERS,10,0xaaab238584c0,352,6,BUFFERS,0,0,0,1,1,109,109,0.982662,0.989760,-0.007098,0
165,BUFFERS,10,0xaaab238583ea,138,7,BUFFERS,0,0,0,0,0,109,159,0.982662,0.999994,-0.017332,0
166,BUFFERS,10,0xaaab2385838d,45,1,BUFFERS,0,0,0,0,0,109,396,0.982662,0.998039,-0.015378,0
167,BUFFERS,10,0xaaab238584b7,343,7,BUFFERS,0,0,0,0,0,109,678,0.982662,0.715868,0.266794,0
168,BUFFERS,10,0xaaab23858462,258,1,BUFFERS,0,0,0,1,1,109,109,0.982662,0.982293,0.000369,0
169,BUFFERS,10,0xaaab2385852f,463,5,BUFFERS,0,0,0,1,1,109,109,0.982662,0.982194,0.000468,0
170,BUFFERS,10,0xaaab238585b1,593,3,BUFFERS,0,0,0,0,0,109,177,0.982662,0.999995,-0.017333,0
171,BUFFERS,10,0xaaab2385854f,495,7,BUFFERS,0,0,0,0,0,109,495,0.982662,0.999996,-0.017334,0
172,BUFFERS,10,0xaaab238584b7,343,1,BUFFERS,0,0,0,1,1,109,109,0.982662,0.973972,0.008690,0
173,BUFFERS,10,0xaaab23858630,720,6,BUFFERS,0,0,0,1,1,109,109,0.982662,0.982408,0.000254,0
174,BUFFERS,10,0xaaab2385855b,507,6,BUFFERS,0,0,0,1,1,109,109,0.982662,0.982256,0.000406,0
175,BUFFERS,10,0xaaab2385849e,318,5,BUFFERS,0,0,0,0,0,109,377,0.982662,0.495583,0.487079,0
176,BUFFERS,10,0xaaab23858635,725,2,BUFFERS,0,0,0,0,0,109,361,0.982662,0.665235,0.317427,0
177,BUFFERS,10,0xaaab23858362,2,5,BUFFERS,0,0,0,0,0,109,39,0.982662,0.999999,-0.017337,0
178,BUFFERS,10,0xaaab2385839c,60,3,BUFFERS,0,0,0,0,0,109,829,0.982662,0.499997,0.482665,0
179,BUFFERS,10,0xaaab238585e3,643,3,BUFFERS,0,0,0,0,0,109,842,0.982662,0.999998,-0.017336,0
180,BUFFERS,10,0xaaab23858400,160,7,BUFFERS,0,0,0,0,0,109,626,0.982662,0.927475,0.055187,0
181,BUFFERS,10,0xaaab2385841a,186,5,BUFFERS,0,0,0,0,0,109,476,0.982662,0.999987,-0.017325,0
182,BUFFERS,10,0xaaab23858440,224,7,BUFFERS,0,0,0,1,1,109,109,0.982662,0.982661,0.000000,0
183,BUFFERS,10,0xaaab238584db,379,1,BUFFERS,0,0,0,0,0,109,38,0.982662,0.999994,-0.017332,0
184,BUFFERS,10,0xaaab2385863e,734,3,BUFFERS,0,0,0,1,1,109,109,0.982662,0.990935,-0.008273,0
185,BUFFERS,10,0xaaab238585b3,595,6,BUFFERS,0,0,0,1,1,109,109,0.982662,0.982614,0.000048,0
186,BUFFERS,10,0xaaab2385865e,766,1,BUFFERS,0,0,0,0,0,109,72,0.982662,0.999997,-0.017335,0
187,BUFFERS,10,0xaaab23858712,946,0,BUFFERS,0,0,0,1,1,109,109,0.982662,0.721700,0.260962,0
188,BUFFERS,10,0xaaab238583ab,75,0,BUFFERS,0,0,0,0,0,109,790,0.982662,0.999962,-0.017300,0
189,BUFFERS,10,0xaaab23858463,259,2,BUFFERS,0,0,0,0,0,109,75,0.982662,0.618341,0.364321,0
190,BUFFERS,10,0xaaab2385865a,762,5,BUFFERS,0,0,0,1,1,109,109,0.982662,0.676652,0.306010,0
191,BUFFERS,10,0xaaab23858719,953,6,BUFFERS,0,0,0,0,0,109,953,0.982662,0.737701,0.244961,0
192,BUFFERS,10,0xaaab238586eb,907,5,BUFFERS,0,0,0,0,0,109,566,0.982662,0.880796,0.101866,0
193,BUFFERS,10,0xaaab2385845a,250,1,BUFFERS,0,0,0,0,0,109,880,0.982662,0.777299,0.205363,0
194,BUFFERS,10,0xaaab23858737,983,5,BUFFERS,0,0,0,0,0,109,628,0.982662,0.999986,-0.017324,0
195,BUFFERS,10,0xaaab2385872d,973,5,BUFFERS,0,0,0,1,1,109,109,0.982662,0.990388,-0.007726,0
196,BUFFERS,10,0xaaab23858440,224,5,BUFFERS,0,0,0,1,1,109,109,0.982662,0.838748,0.143914,0
197,BUFFERS,10,0xaaab238583f6,150,0,BUFFERS,0,0,0,0,0,109,962,0.982662,0.622456,0.360206,0
198,BUFFERS,10,0xaaab238585f3,659,6,BUFFERS,0,0,0,0,0,109,891,0.982662,0.999944,-0.017282,0
199,BUFFERS,10,0xaaab2385858a,554,2,BUFFERS,0,0,0,0,0,109,558,0.982662,0.999736,-0.017075,0
200,BUFFERS,10,0xaaab2385861c,700,0,BUFFERS,0,0,0,1,1,109,109,0.982662,0.982407,0.000255,0
201,BUFFERS,10,0xaaab23858393,51,0,BUFFERS,0,0,0,1,1,109,109,0.982662,0.766781,0.215881,0
202,BUFFERS,10,0xaaab23858393,51,5,BUFFERS,0,0,0,0,0,109,927,0.982662,0.731057,0.251605,0
203,BUFFERS,10,0xaaab23858371,17,5,BUFFERS,0,0,0,1,1,109,109,0.982662,0.982303,0.000359,0
204,BUFFERS,10,0xaaab23858726,966,2,BUFFERS,0,0,0,1,1,109,109,0.982662,0.805947,0.176715,0
205,BUFFERS,10,0xaaab2385855b,507,3,BUFFERS,0,0,0,1,1,109,109,0.982662,0.982464,0.000198,0
206,BUFFERS,10,0xaaab23858461,257,0,BUFFERS,0,0,0,1,1,109,109,0.982662,0.753720,0.228942,0
207,BUFFERS,10,0xaaab23858427,199,6,BUFFERS,0,0,0,0,0,109,75,0.982662,0.513937,0.468725,0
208,BUFFERS,10,0xaaab238584aa,330,0,BUFFERS,0,0,0,0,0,109,457,0.982662,0.999999,-0.017337,0
209,BUFFERS,10,0xaaab238586cb,875,1,BUFFERS,0,0,0,0,0,109,445,0.982662,0.999997,-0.017335,0
210,BUFFERS,10,0xaaab23858414,180,5,BUFFERS,0,0,0,1,1,109,109,0.982662,0.982655,0.000007,0
211,BUFFERS,10,0xaaab23858491,305,6,BUFFERS,0,0,0,0,0,109,305,0.982662,0.847003,0.135659,0
212,BUFFERS,10,0xaaab2385860b,683,2,BUFFERS,0,0,0,0,0,109,670,0.982662,0.999998,-0.017336,0
213,BUFFERS,10,0xaaab2385838f,47,1,BUFFERS,0,0,0,0,0,109,729,0.982662,0.999987,-0.017325,0
214,BUFFERS,10,0xaaab238586f1,913,6,BUFFERS,0,0,0,0,0,109,228,0.982662,0.679149,0.303513,0
215,BUFFERS,10,0xaaab238586bd,861,2,BUFFERS,0,0,0,1,1,109,109,0.982662,0.982602,0.000060,0
216,BUFFERS,10,0xaaab23858432,210,4,BUFFERS,0,0,0,0,0,109,117,0.982662,0.746625,0.236037,0
217,BUFFERS,10,0xaaab23858454,244,6,BUFFERS,0,0,0,1,1,109,109,0.982662,0.766783,0.215879,0
218,BUFFERS,10,0xaaab23858388,40,5,BUFFERS,0,0,0,0,0,109,459,0.982662,0.331384,0.651278,0
219,BUFFERS,10,0xaaab23858418,184,2,BUFFERS,0,0,0,1,1,109,109,0.982662,0.982614,0.000048,0
220,BUFFERS,10,0xaaab2385863c,732,7,BUFFERS,0,0,0,0,0,109,732,0.982662,0.679168,0.303494,0
221,BUFFERS,10,0xaaab23858653,755,7,BUFFERS,0,0,0,0,0,109,232,0.982662,0.731058,0.251604,0
222,BUFFERS,10,0xaaab2385851c,444,5,BUFFERS,0,0,0,0,0,109,815,0.982662,0.618340,0.364322,0
223,BUFFERS,10,0xaaab23858519,441,4,BUFFERS,0,0,0,1,1,109,109,0.982662,0.805951,0.176711,0
224,BUFFERS,10,0xaaab238585cd,621,1,BUFFERS,0,0,0,0,0,109,495,0.982662,0.999996,-0.017334,0
225,BUFFERS,10,0xaaab238586c3,867,2,BUFFERS,0,0,0,0,0,109,139,0.982662,0.999997,-0.017335,0
226,BUFFERS,10,0xaaab23858636,726,3,BUFFERS,0,0,0,0,0,109,99,0.982662,0.817574,0.165088,0
227,BUFFERS,10,0xaaab23858480,288,6,BUFFERS,0,0,0,1,1,109,109,0.982662,0.726794,0.255868,0
228,BUFFERS,10,0xaaab23858741,993,6,BUFFERS,0,0,0,1,1,109,109,0.982662,0.556637,0.426025,0
229,BUFFERS,10,0xaaab23858493,307,1,BUFFERS,0,0,0,1,1,109,109,0.982662,0.671109,0.311553,0
230,BUFFERS,10,0xaaab238586ba,858,1,BUFFERS,0,0,0,0,0,109,566,0.982662,0.999998,-0.017336,0
231,BUFFERS,10,0xaaab23858643,739,7,BUFFERS,0,0,0,0,0,109,739,0.982662,0.622457,0.360205,0
232,BUFFERS,10,0xaaab2385841d,189,1,BUFFERS,0,0,0,0,0,109,555,0.982662,0.999997,-0.017335,0
233,BUFFERS,10,0xaaab238584a7,327,2,BUFFERS,0,0,0,0,0,109,456,0.982662,0.679178,0.303484,0
234,BUFFERS,10,0xaaab23858613,691,1,BUFFERS,0,0,0,1,1,109,109,0.982662,0.982662,0.000000,0
235,BUFFERS,10,0xaaab2385849f,319,0,BUFFERS,0,0,0,0,0,109,29,0.982662,0.849713,0.132949,0
236,BUFFERS,10,0xaaab2385857f,543,1,BUFFERS,0,0,0,0,0,109,373,0.982662,0.776965,0.205697,0
237,BUFFERS,10,0xaaab238583d1,113,4,BUFFERS,0,0,0,0,0,109,713,0.982662,0.999991,-0.017329,0
238,BUFFERS,10,0xaaab23858397,55,1,BUFFERS,0,0,0,1,1,109,109,0.982662,0.982125,0.000537,0
239,BUFFERS,10,0xaaab2385836f,15,3,BUFFERS,0,0,0,0,0,109,281,0.982662,0.999970,-0.017309,0
240,BUFFERS,10,0xaaab238584cd,365,5,BUFFERS,0,0,0,0,0,109,4,0.982662,0.425749,0.556913,0
241,BUFFERS,10,0xaaab238584ff,415,2,BUFFERS,0,0,0,0,0,109,625,0.982662,0.999983,-0.017321,0
242,BUFFERS,10,0xaaab23858372,18,4,BUFFERS,0,0,0,0,0,109,202,0.982662,0.999996,-0.017334,0
243,BUFFERS,10,0xaaab23858658,760,2,BUFFERS,0,0,0,1,1,109,109,0.982662,0.671139,0.311523,0
244,BUFFERS,10,0xaaab238586ae,846,3,BUFFERS,0,0,0,1,1,109,109,0.982662,0.982658,0.000004,0
245,BUFFERS,10,0xaaab23858547,487,0,BUFFERS,0,0,0,1,1,109,109,0.982662,0.867318,0.115344,0
246,BUFFERS,10,0xaaab2385844a,234,5,BUFFERS,0,0,0,0,0,109,626,0.982662,0.962672,0.019990,0
247,BUFFERS,10,0xaaab2385873d,989,7,BUFFERS,0,0,0,0,0,109,246,0.982662,0.622457,0.360205,0
248,BUFFERS,10,0xaaab2385867a,794,6,BUFFERS,0,0,0,0,0,109,413,0.982662,0.777298,0.205364,0
249,BUFFERS,10,0xaaab238583be,94,6,BUFFERS,0,0,0,1,1,109,109,0.982662,0.982660,0.000002,0
250,BUFFERS,10,0xaaab238583a4,68,3,BUFFERS,0,0,0,0,0,109,589,0.982662,0.562039,0.420623,0
251,BUFFERS,10,0xaaab238584c7,359,5,BUFFERS,0,0,0,1,1,109,109,0.982662,0.982661,0.000001,0
252,BUFFERS,10,0xaaab23858567,519,0,BUFFERS,0,0,0,1,1,109,109,0.982662,0.982662,-0.000000,0
253,BUFFERS,10,0xaaab23858684,804,7,BUFFERS,0,0,0,1,1,109,109,0.982662,0.982241,0.000421,0
254,BUFFERS,10,0xaaab23858589,553,0,BUFFERS,0,0,0,1,1,109,109,0.982662,0.981779,0.000883,0
255,BUFFERS,10,0xaaab238584f0,400,2,BUFFERS,0,0,0,0,0,109,283,0.982662,0.999987,-0.017325,0
256,BUFFERS,10,0xaaab23858562,514,3,BUFFERS,0,0,0,0,0,109,232,0.982662,0.500000,0.482662,0
257,BUFFERS,10,0xaaab2385842a,202,2,BUFFERS,0,0,0,1,1,109,109,0.982662,0.839248,0.143414,0
258,BUFFERS,10,0xaaab2385860f,687,5,BUFFERS,0,0,0,1,1,109,109,0.982662,0.671136,0.311526,0
259,BUFFERS,10,0xaaab23858555,501,7,BUFFERS,0,0,0,0,0,109,501,0.982662,0.999995,-0.017333,0
260,BUFFERS,10,0xaaab23858403,163,3,BUFFERS,0,0,0,1,1,109,109,0.982662,0.867309,0.115353,0
261,BUFFERS,10,0xaaab238584d3,371,1,BUFFERS,0,0,0,0,0,109,930,0.982662,0.622456,0.360206,0
262,BUFFERS,10,0xaaab238583b3,83,2,BUFFERS,0,0,0,1,1,109,109,0.982662,0.867318,0.115344,0
263,BUFFERS,10,0xaaab2385848c,300,6,BUFFERS,0,0,0,1,1,109,109,0.982662,0.721643,0.261019,0
264,BUFFERS,10,0xaaab2385862e,718,4,BUFFERS,0,0,0,1,1,109,109,0.982662,0.766784,0.215878,0
265,BUFFERS,10,0xaaab23858602,674,1,BUFFERS,0,0,0,1,1,109,109,0.982662,0.721708,0.260954,0
266,BUFFERS,10,0xaaab238585c5,613,0,BUFFERS,0,0,0,1,1,109,109,0.982662,0.867165,0.115497,0
267,BUFFERS,10,0xaaab23858474,276,4,BUFFERS,0,0,0,1,1,109,109,0.982662,0.981970,0.000692,0
268,BUFFERS,10,0xaaab23858484,292,6,BUFFERS,0,0,0,0,0,109,695,0.982662,0.456271,0.526391,0
269,BUFFERS,10,0xaaab238586cb,875,0,BUFFERS,0,0,0,1,1,109,109,0.982662,0.805948,0.176714,0
270,BUFFERS,10,0xaaab23858540,480,1,BUFFERS,0,0,0,1,1,109,109,0.982662,0.766780,0.215882,0
271,BUFFERS,10,0xaaab23858366,6,2,BUFFERS,0,0,0,0,0,109,886,0.982662,0.562176,0.420486,0
272,BUFFERS,10,0xaaab238583bc,92,6,BUFFERS,0,0,0,0,0,109,803,0.982662,0.999990,-0.017328,0
273,BUFFERS,10,0xaaab23858438,216,0,BUFFERS,0,0,0,1,1,109,109,0.982662,0.981977,0.000685,0
274,BUFFERS,10,0xaaab23858396,54,2,BUFFERS,0,0,0,0,0,109,504,0.982662,0.999999,-0.017337,0
275,BUFFERS,10,0xaaab23858746,998,5,BUFFERS,0,0,0,1,1,109,109,0.982662,0.982310,0.000352,0
276,BUFFERS,10,0xaaab23858693,819,0,BUFFERS,0,0,0,1,1,109,109,0.982662,0.766656,0.216006,0
277,BUFFERS,10,0xaaab238583af,79,0,BUFFERS,0,0,0,1,1,109,109,0.982662,0.982662,-0.000000,0
278,BUFFERS,10,0xaaab238583fe,158,2,BUFFERS,0,0,0,1,1,109,109,0.982662,0.982662,-0.000000,0
279,BUFFERS,10,0xaaab23858387,39,2,BUFFERS,0,0,0,0,0,109,865,0.982662,0.622459,0.360203,0
280,BUFFERS,10,0xaaab238586e3,899,6,BUFFERS,0,0,0,0,0,109,190,0.982662,0.999998,-0.017336,0
281,BUFFERS,10,0xaaab238586c5,869,6,BUFFERS,0,0,0,0,0,109,142,0.982662,0.999966,-0.017304,0
282,BUFFERS,10,0xaaab23858492,306,4,BUFFERS,0,0,0,1,1,109,109,0.982662,0.982657,0.000005,0
283,BUFFERS,10,0xaaab238586ad,845,1,BUFFERS,0,0,0,0,0,109,867,0.982662,0.999972,-0.017310,0
284,BUFFERS,10,0xaaab23858545,485,7,BUFFERS,0,0,0,0,0,109,485,0.982662,0.999995,-0.017333,0
285,BUFFERS,10,0xaaab23858393,51,6,BUFFERS,0,0,0,1,1,109,109,0.982662,0.982650,0.000012,0
286,BUFFERS,10,0xaaab23858683,803,3,BUFFERS,0,0,0,1,1,109,109,0.982662,0.982608,0.000054,0
287,BUFFERS,10,0xaaab23858714,948,6,BUFFERS,0,0,0,0,0,109,776,0.982662,0.999950,-0.017288,0
288,BUFFERS,10,0xaaab2385861f,703,2,BUFFERS,0,0,0,1,1,109,109,0.982662,0.867319,0.115343,0
289,BUFFERS,10,0xaaab238586e7,903,4,BUFFERS,0,0,0,1,1,109,109,0.982662,0.476976,0.505686,0
290,BUFFERS,10,0xaaab23858738,984,4,BUFFERS,0,0,0,0,0,109,380,0.982662,0.904649,0.078013,0
291,BUFFERS,10,0xaaab2385863a,730,4,BUFFERS,0,0,0,1,1,109,109,0.982662,0.981973,0.000689,0
292,BUFFERS,10,0xaaab238583e2,130,2,BUFFERS,0,0,0,0,0,109,798,0.982662,0.999998,-0.017336,0
293,BUFFERS,10,0xaaab23858396,54,5,BUFFERS,0,0,0,1,1,109,109,0.982662,0.981976,0.000686,0
294,BUFFERS,10,0xaaab2385866c,780,3,BUFFERS,0,0,0,0,0,109,466,0.982662,0.999981,-0.017319,0
295,BUFFERS,10,0xaaab238586c5,869,4,BUFFERS,0,0,0,1,1,109,109,0.982662,0.721749,0.260913,0
296,BUFFERS,10,0xaaab23858601,673,2,BUFFERS,0,0,0,1,1,109,109,0.982662,0.982698,-0.000036,0
297,BUFFERS,10,0xaaab2385871a,954,7,BUFFERS,0,0,0,0,0,109,53,0.982662,0.999999,-0.017337,0
298,BUFFERS,10,0xaaab2385853b,475,4,BUFFERS,0,0,0,0,0,109,822,0.982662,0.999995,-0.017333,0
299,BUFFERS,10,0xaaab23858460,256,6,BUFFERS,0,0,0,0,0,109,182,0.982662,0.500000,0.482662,0
300,BUFFERS,10,0xaaab2385858b,555,5,BUFFERS,0,0,0,1,1,109,109,0.982662,0.721747,0.260915,0
301,BUFFERS,10,0xaaab23858584,548,0,BUFFERS,0,0,0,0,0,109,794,0.982662,0.999999,-0.017337,0
302,BUFFERS,10,0xaaab23858498,312,5,BUFFERS,0,0,0,0,0,109,824,0.982662,0.999995,-0.017333,0
303,BUFFERS,10,0xaaab23858625,709,6,BUFFERS,0,0,0,1,1,109,109,0.982662,0.601039,0.381622,0
304,BUFFERS,10,0xaaab23858509,425,6,BUFFERS,0,0,0,0,0,109,213,0.982662,0.999997,-0.017335,0
305,BUFFERS,10,0xaaab238583ca,106,7,BUFFERS,0,0,0,1,1,109,109,0.982662,0.976887,0.005775,0
306,BUFFERS,10,0xaaab23858471,273,1,BUFFERS,0,0,0,0,0,109,194,0.982662,0.999995,-0.017333,0
307,BUFFERS,10,0xaaab238586ff,927,4,BUFFERS,0,0,0,0,0,109,919,0.982662,0.999997,-0.017335,0
308,BUFFERS,10,0xaaab238583ab,75,5,BUFFERS,0,0,0,0,0,109,495,0.982662,0.679177,0.303485,0
309,BUFFERS,10,0xaaab238586c0,864,5,BUFFERS,0,0,0,1,1,109,109,0.982662,0.982662,-0.000000,0
310,BUFFERS,10,0xaaab23858554,500,4,BUFFERS,0,0,0,1,1,109,109,0.982662,0.982518,0.000144,0
311,BUFFERS,10,0xaaab2385845b,251,0,BUFFERS,0,0,0,0,0,109,906,0.982662,0.999998,-0.017336,0
312,BUFFERS,10,0xaaab2385870b,939,5,BUFFERS,0,0,0,0,0,109,736,0.982662,0.562176,0.420486,0
313,BUFFERS,10,0xaaab238583c3,99,4,BUFFERS,0,0,0,1,1,109,109,0.982662,0.982661,0.000001,0
314,BUFFERS,10,0xaaab2385862a,714,6,BUFFERS,0,0,0,0,0,109,868,0.982662,0.776589,0.206073,0
315,BUFFERS,10,0xaaab23858658,760,2,BUFFERS,0,0,0,0,0,109,203,0.982662,0.999996,-0.017334,0
316,BUFFERS,10,0xaaab23858662,770,1,BUFFERS,0,0,0,0,0,109,248,0.982662,0.999985,-0.017323,0
317,BUFFERS,10,0xaaab23858377,23,0,BUFFERS,0,0,0,0,0,109,290,0.982662,0.557782,0.424880,0
318,BUFFERS,10,0xaaab238584fa,410,5,BUFFERS,0,0,0,0,0,109,31,0.982662,0.675300,0.307362,0
319,BUFFERS,10,0xaaab2385839a,58,0,BUFFERS,0,0,0,1,1,109,109,0.982662,0.982662,0.000000,0
320,BUFFERS,10,0xaaab23858726,966,6,BUFFERS,0,0,0,1,1,109,109,0.982662,0.732498,0.250164,0
321,BUFFERS,10,0xaaab238584ae,334,1,BUFFERS,0,0,0,1,1,109,109,0.982662,0.982606,0.000056,0
322,BUFFERS,10,0xaaab238583a9,73,5,BUFFERS,0,0,0,0,0,109,401,0.982662,0.998471,-0.015809,0
323,BUFFERS,10,0xaaab23858728,968,2,BUFFERS,0,0,0,0,0,109,646,0.982662,0.618798,0.363864,0
324,BUFFERS,10,0xaaab23858638,728,2,BUFFERS,0,0,0,0,0,109,971,0.982662,0.774257,0.208405,0
325,BUFFERS,10,0xaaab238583fc,156,0,BUFFERS,0,0,0,1,1,109,109,0.982662,0.982662,0.000000,0
326,BUFFERS,10,0xaaab238584bc,348,2,BUFFERS,0,0,0,0,0,109,826,0.982662,0.499998,0.482664,0
327,BUFFERS,10,0xaaab23858445,229,1,BUFFERS,0,0,0,0,0,109,187,0.982662,0.999993,-0.017331,0
328,BUFFERS,10,0xaaab238585f1,657,1,BUFFERS,0,0,0,1,1,109,109,0.982662,0.982661,0.000001,0
329,BUFFERS,10,0xaaab238585f4,660,2,BUFFERS,0,0,0,1,1,109,109,0.982662,0.982603,0.000059,0
330,BUFFERS,10,0xaaab23858669,777,3,BUFFERS,0,0,0,0,0,109,39,0.982662,0.777296,0.205366,0
331,BUFFERS,10,0xaaab23858618,696,4,BUFFERS,0,0,0,1,1,109,109,0.982662,0.867317,0.115345,0
332,BUFFERS,10,0xaaab238584c8,360,5,BUFFERS,0,0,0,0,0,109,571,0.982662,0.999972,-0.017310,0
333,BUFFERS,10,0xaaab238583d4,116,2,BUFFERS,0,0,0,0,0,109,794,0.982662,0.999999,-0.017337,0
334,BUFFERS,10,0xaaab23858647,743,7,BUFFERS,0,0,0,0,0,109,843,0.982662,0.842115,0.140547,0
335,BUFFERS,10,0xaaab23858503,419,7,BUFFERS,0,0,0,0,0,109,190,0.982662,0.999999,-0.017337,0
336,BUFFERS,10,0xaaab238584dd,381,2,BUFFERS,0,0,0,0,0,109,99,0.982662,0.622459,0.360203,0
337,BUFFERS,10,0xaaab238584ec,396,0,BUFFERS,0,0,0,0,0,109,270,0.982662,0.999995,-0.017333,0
338,BUFFERS,10,0xaaab238585bc,604,1,BUFFERS,0,0,0,0,0,109,595,0.982662,0.999998,-0.017336,0
339,BUFFERS,10,0xaaab23858502,418,2,BUFFERS,0,0,0,1,1,109,109,0.982662,0.615697,0.366965,0
340,BUFFERS,10,0xaaab238583a2,66,2,BUFFERS,0,0,0,1,1,109,109,0.982662,0.982661,0.000001,0
341,BUFFERS,10,0xaaab23858705,933,1,BUFFERS,0,0,0,1,1,109,109,0.982662,0.982662,0.000000,0
342,BUFFERS,10,0xaaab2385861e,702,7,BUFFERS,0,0,0,0,0,109,702,0.982662,0.999993,-0.017331,0
343,BUFFERS,10,0xaaab238583a1,65,2,BUFFERS,0,0,0,0,0,109,40,0.982662,0.999999,-0.017337,0
344,BUFFERS,10,0xaaab238583a1,65,4,BUFFERS,0,0,0,1,1,109,109,0.982662,0.977687,0.004975,0
345,BUFFERS,10,0xaaab238583e4,132,3,BUFFERS,0,0,0,1,1,109,109,0.982662,0.805948,0.176713,0
346,BUFFERS,10,0xaaab2385851a,442,6,BUFFERS,0,0,0,1,1,109,109,0.982662,0.982617,0.000045,0
347,BUFFERS,10,0xaaab23858621,705,0,BUFFERS,0,0,0,0,0,109,508,0.982662,0.999998,-0.017336,0
348,BUFFERS,10,0xaaab238584d9,377,1,BUFFERS,0,0,0,1,1,109,109,0.982662,0.982662,0.000000,0
349,BUFFERS,10,0xaaab23858490,304,4,BUFFERS,0,0,0,1,1,109,109,0.982662,0.476710,0.505952,0
350,BUFFERS,10,0xaaab238584c6,358,4,BUFFERS,0,0,0,0,0,109,226,0.982662,0.562176,0.420486,0
351,BUFFERS,10,0xaaab238584f8,408,0,BUFFERS,0,0,0,0,0,109,860,0.982662,0.995927,-0.013265,0
352,BUFFERS,10,0xaaab23858516,438,0,BUFFERS,0,0,0,0,0,109,427,0.982662,0.999999,-0.017337,0
353,BUFFERS,10,0xaaab23858466,262,1,BUFFERS,0,0,0,1,1,109,109,0.982662,0.721740,0.260922,0
354,BUFFERS,10,0xaaab238583da,122,2,BUFFERS,0,0,0,0,0,109,479,0.982662,0.999998,-0.017336,0
355,BUFFERS,10,0xaaab23858549,489,5,BUFFERS,0,0,0,1,1,109,109,0.982662,0.982264,0.000398,0
356,BUFFERS,10,0xaaab238585cd,621,4,BUFFERS,0,0,0,0,0,109,373,0.982662,0.999998,-0.017336,0
357,BUFFERS,10,0xaaab23858693,819,1,BUFFERS,0,0,0,1,1,109,109,0.982662,0.982658,0.000004,0
358,BUFFERS,10,0xaaab2385858f,559,6,BUFFERS,0,0,0,0,0,109,895,0.982662,0.999991,-0.017329,0
359,BUFFERS,10,0xaaab238585e7,647,1,BUFFERS,0,0,0,1,1,109,109,0.982662,0.982646,0.000016,0
360,BUFFERS,10,0xaaab23858570,528,0,BUFFERS,0,0,0,0,0,109,217,0.982662,0.999995,-0.017333,0
361,BUFFERS,10,0xaaab2385842a,202,7,BUFFERS,0,0,0,0,0,109,202,0.982662,0.999991,-0.017329,0
362,BUFFERS,10,0xaaab23858517,439,4,BUFFERS,0,0,0,0,0,109,411,0.982662,0.999891,-0.017229,0
363,BUFFERS,10,0xaaab23858442,226,4,BUFFERS,0,0,0,0,0,109,906,0.982662,0.999998,-0.017336,0
364,BUFFERS,10,0xaaab23858527,455,3,BUFFERS,0,0,0,0,0,109,86,0.982662,0.763853,0.218809,0
365,BUFFERS,10,0xaaab23858627,711,1,BUFFERS,0,0,0,1,1,109,109,0.982662,0.981127,0.001535,0
366,BUFFERS,10,0xaaab23858380,32,4,BUFFERS,0,0,0,1,1,109,109,0.982662,0.976198,0.006464,0
367,BUFFERS,10,0xaaab2385855f,511,0,BUFFERS,0,0,0,0,0,109,869,0.982662,0.999987,-0.017325,0
368,BUFFERS,10,0xaaab238586ef,911,6,BUFFERS,0,0,0,1,1,109,109,0.982662,0.405775,0.576887,0
369,BUFFERS,10,0xaaab2385866a,778,6,BUFFERS,0,0,0,0,0,109,770,0.982662,0.679177,0.303485,0
370,BUFFERS,10,0xaaab2385839b,59,7,BUFFERS,0,0,0,0,0,109,495,0.982662,0.851950,0.130712,0
371,BUFFERS,10,0xaaab23858385,37,1,BUFFERS,0,0,0,0,0,109,380,0.982662,0.999953,-0.017291,0
372,BUFFERS,10,0xaaab2385871e,958,3,BUFFERS,0,0,0,1,1,109,109,0.982662,0.721659,0.261002,0
373,BUFFERS,10,0xaaab23858582,546,2,BUFFERS,0,0,0,0,0,109,570,0.982662,0.999998,-0.017336,0
374,BUFFERS,10,0xaaab23858475,277,4,BUFFERS,0,0,0,0,0,109,349,0.982662,0.999997,-0.017335,0
375,BUFFERS,10,0xaaab23858588,552,5,BUFFERS,0,0,0,1,1,109,109,0.982662,0.981782,0.000880,0
376,BUFFERS,10,0xaaab23858690,816,1,BUFFERS,0,0,0,0,0,109,50,0.982662,0.999997,-0.017335,0
377,BUFFERS,10,0xaaab23858652,754,4,BUFFERS,0,0,0,0,0,109,914,0.982662,0.437346,0.545316,0
378,BUFFERS,10,0xaaab238585dd,637,6,BUFFERS,0,0,0,1,1,109,109,0.982662,0.982590,0.000072,0
379,BUFFERS,10,0xaaab23858617,695,7,BUFFERS,0,0,0,0,0,109,718,0.982662,0.999997,-0.017335,0
380,BUFFERS,10,0xaaab23858595,565,6,BUFFERS,0,0,0,0,0,109,128,0.982662,0.679178,0.303484,0
381,BUFFERS,10,0xaaab238585cc,620,1,BUFFERS,0,0,0,0,0,109,612,0.982662,0.999991,-0.017329,0
382,BUFFERS,10,0xaaab2385858e,558,7,BUFFERS,0,0,0,0,0,109,558,0.982662,0.999998,-0.017336,0
383,BUFFERS,10,0xaaab23858709,937,5,BUFFERS,0,0,0,0,0,109,590,0.982662,0.999991,-0.017329,0
384,BUFFERS,10,0xaaab238584fd,413,2,BUFFERS,0,0,0,0,0,109,5,0.982662,0.999227,-0.016565,0
385,BUFFERS,10,0xaaab2385837b,27,6,BUFFERS,0,0,0,0,0,109,645,0.982662,0.999994,-0.017332,0
386,BUFFERS,10,0xaaab23858691,817,5,BUFFERS,0,0,0,0,0,109,203,0.982662,0.562175,0.420487,0
387,BUFFERS,10,0xaaab2385868d,813,5,BUFFERS,0,0,0,0,0,109,129,0.982662,0.999996,-0.017334,0
388,BUFFERS,10,0xaaab2385872c,972,3,BUFFERS,0,0,0,1,1,109,109,0.982662,0.981213,0.001449,0
389,BUFFERS,10,0xaaab23858720,960,6,BUFFERS,0,0,0,1,1,109,109,0.982662,0.982537,0.000125,0
390,BUFFERS,10,0xaaab23858551,497,6,BUFFERS,0,0,0,0,0,109,572,0.982662,0.562176,0.420486,0
391,BUFFERS,10,0xaaab23858452,242,3,BUFFERS,0,0,0,0,0,109,657,0.982662,0.999982,-0.017320,0
392,BUFFERS,10,0xaaab238585d0,624,4,BUFFERS,0,0,0,0,0,109,932,0.982662,0.999997,-0.017335,0
393,BUFFERS,10,0xaaab23858419,185,3,BUFFERS,0,0,0,0,0,109,202,0.982662,0.999996,-0.017334,0
394,BUFFERS,10,0xaaab23858590,560,6,BUFFERS,0,0,0,1,1,109,109,0.982662,0.726688,0.255974,0
395,BUFFERS,10,0xaaab238583b9,89,2,BUFFERS,0,0,0,0,0,109,676,0.982662,0.622459,0.360203,0
396,BUFFERS,10,0xaaab238584d6,374,2,BUFFERS,0,0,0,1,1,109,109,0.982662,0.982665,-0.000003,0
397,BUFFERS,10,0xaaab238583ea,138,3,BUFFERS,0,0,0,1,1,109,109,0.982662,0.981782,0.000880,0
398,BUFFERS,10,0xaaab238583d2,114,0,BUFFERS,0,0,0,0,0,109,994,0.982662,0.922904,0.059758,0
399,BUFFERS,10,0xaaab238584f8,408,1,BUFFERS,0,0,0,0,0,109,346,0.982662,0.999995,-0.017333,0
400,BUFFERS,10,0xaaab238585aa,586,0,BUFFERS,0,0,0,1,1,109,109,0.982662,0.721724,0.260938,0
401,BUFFERS,10,0xaaab23858690,816,2,BUFFERS,0,0,0,1,1,109,109,0.982662,0.767073,0.215589,0
402,BUFFERS,10,0xaaab238584e0,384,1,BUFFERS,0,0,0,0,0,109,491,0.982662,0.495628,0.487034,0
403,BUFFERS,10,0xaaab2385845f,255,5,BUFFERS,0,0,0,1,1,109,109,0.982662,0.982659,0.000003,0
404,BUFFERS,10,0xaaab238586ad,845,2,BUFFERS,0,0,0,1,1,109,109,0.982662,0.982618,0.000044,0
405,BUFFERS,10,0xaaab23858664,772,6,BUFFERS,0,0,0,0,0,109,251,0.982662,0.999992,-0.017330,0
406,BUFFERS,10,0xaaab23858551,497,2,BUFFERS,0,0,0,0,0,109,51,0.982662,0.679177,0.303485,0
407,BUFFERS,10,0xaaab2385839b,59,3,BUFFERS,0,0,0,1,1,109,109,0.982662,0.982509,0.000153,0
408,BUFFERS,10,0xaaab238586a1,833,2,BUFFERS,0,0,0,0,0,109,726,0.982662,0.999992,-0.017330,0
409,BUFFERS,10,0xaaab238584df,383,5,BUFFERS,0,0,0,0,0,109,174,0.982662,0.999992,-0.017330,0
410,BUFFERS,10,0xaaab23858731,977,1,BUFFERS,0,0,0,0,0,109,263,0.982662,0.999998,-0.017336,0
411,BUFFERS,10,0xaaab23858713,947,2,BUFFERS,0,0,0,1,1,109,109,0.982662,0.982663,-0.000001,0
412,BUFFERS,10,0xaaab23858538,472,4,BUFFERS,0,0,0,0,0,109,705,0.982662,0.999998,-0.017336,0
413,BUFFERS,10,0xaaab23858606,678,3,BUFFERS,0,0,0,1,1,109,109,0.982662,0.982462,0.000200,0
414,BUFFERS,10,0xaaab238585b9,601,1,BUFFERS,0,0,0,1,1,109,109,0.982662,0.839333,0.143328,0
415,BUFFERS,10,0xaaab238583ff,159,2,BUFFERS,0,0,0,0,0,109,445,0.982662,0.679178,0.303484,0
416,BUFFERS,10,0xaaab23858463,259,4,BUFFERS,0,0,0,1,1,109,109,0.982662,0.766727,0.215935,0
417,BUFFERS,10,0xaaab2385870d,941,5,BUFFERS,0,0,0,0,0,109,662,0.982662,0.999928,-0.017266,0
418,BUFFERS,10,0xaaab23858576,534,1,BUFFERS,0,0,0,1,1,109,109,0.982662,0.982657,0.000005,0
419,BUFFERS,10,0xaaab238583ae,78,1,BUFFERS,0,0,0,1,1,109,109,0.982662,0.982625,0.000037,0
420,BUFFERS,10,0xaaab23858461,257,1,BUFFERS,0,0,0,1,1,109,109,0.982662,0.986039,-0.003377,0
421,BUFFERS,10,0xaaab23858373,19,0,BUFFERS,0,0,0,1,1,109,109,0.982662,0.694693,0.287969,0
422,BUFFERS,10,0xaaab238584a8,328,6,BUFFERS,0,0,0,0,0,109,226,0.982662,0.994776,-0.012114,0
423,BUFFERS,10,0xaaab238584ff,415,0,BUFFERS,0,0,0,0,0,109,612,0.982662,0.999992,-0.017330,0
424,BUFFERS,10,0xaaab238585f4,660,0,BUFFERS,0,0,0,0,0,109,894,0.982662,0.999997,-0.017335,0
425,BUFFERS,10,0xaaab238584fe,414,5,BUFFERS,0,0,0,0,0,109,211,0.982662,0.500000,0.482662,0
426,BUFFERS,10,0xaaab23858602,674,3,BUFFERS,0,0,0,0,0,109,431,0.982662,0.999996,-0.017334,0
427,BUFFERS,10,0xaaab238585de,638,1,BUFFERS,0,0,0,1,1,109,109,0.982662,0.615697,0.366965,0
428,BUFFERS,10,0xaaab23858721,961,3,BUFFERS,0,0,0,0,0,109,175,0.982662,0.999994,-0.017332,0
429,BUFFERS,10,0xaaab23858396,54,6,BUFFERS,0,0,0,1,1,109,109,0.982662,0.867246,0.115416,0
430,BUFFERS,10,0xaaab23858589,553,3,BUFFERS,0,0,0,1,1,109,109,0.982662,0.982663,-0.000001,0
431,BUFFERS,10,0xaaab238585a3,579,4,BUFFERS,0,0,0,1,1,109,109,0.982662,0.725274,0.257388,0
432,BUFFERS,10,0xaaab23858667,775,3,BUFFERS,0,0,0,1,1,109,109,0.982662,0.982652,0.000010,0
433,BUFFERS,10,0xaaab238585b8,600,3,BUFFERS,0,0,0,0,0,109,788,0.982662,0.499999,0.482663,0
434,BUFFERS,10,0xaaab23858627,711,6,BUFFERS,0,0,0,0,0,109,176,0.982662,0.999987,-0.017325,0
435,BUFFERS,10,0xaaab23858676,790,6,BUFFERS,0,0,0,0,0,109,860,0.982662,0.999997,-0.017335,0
436,BUFFERS,10,0xaaab238586c3,867,5,BUFFERS,0,0,0,0,0,109,680,0.982662,0.999997,-0.017336,0
437,BUFFERS,10,0xaaab2385852b,459,1,BUFFERS,0,0,0,0,0,109,913,0.982662,0.872575,0.110087,0
438,BUFFERS,10,0xaaab2385869a,826,3,BUFFERS,0,0,0,0,0,109,114,0.982662,0.957207,0.025455,0
439,BUFFERS,10,0xaaab238585d6,630,1,BUFFERS,0,0,0,1,1,109,109,0.982662,0.982569,0.000093,0
440,BUFFERS,10,0xaaab23858569,521,2,BUFFERS,0,0,0,0,0,109,501,0.982662,0.622459,0.360203,0
441,BUFFERS,10,0xaaab23858543,483,7,BUFFERS,0,0,0,0,0,109,483,0.982662,0.999998,-0.017336,0
442,BUFFERS,10,0xaaab2385850e,430,4,BUFFERS,0,0,0,0,0,109,114,0.982662,0.955840,0.026822,0
443,BUFFERS,10,0xaaab238583ac,76,1,BUFFERS,0,0,0,1,1,109,109,0.982662,0.982641,0.000021,0
444,BUFFERS,10,0xaaab238583f2,146,5,BUFFERS,0,0,0,0,0,109,667,0.982662,0.999987,-0.017325,0
445,BUFFERS,10,0xaaab2385873d,989,3,BUFFERS,0,0,0,1,1,109,109,0.982662,0.982466,0.000196,0
446,BUFFERS,10,0xaaab23858683,803,5,BUFFERS,0,0,0,0,0,109,653,0.982662,0.499997,0.482665,0
447,BUFFERS,10,0xaaab238583ce,110,7,BUFFERS,0,0,0,1,1,109,109,0.982662,0.981110,0.001552,0
448,BUFFERS,10,0xaaab238585e0,640,7,BUFFERS,0,0,0,1,1,109,109,0.982662,0.982661,0.000001,0
449,BUFFERS,10,0xaaab2385867a,794,2,BUFFERS,0,0,0,0,0,109,128,0.982662,0.999999,-0.017337,0
450,BUFFERS,10,0xaaab23858704,932,7,BUFFERS,0,0,0,0,0,109,498,0.982662,0.589797,0.392865,0
451,BUFFERS,10,0xaaab23858405,165,0,BUFFERS,0,0,0,0,0,109,234,0.982662,0.999996,-0.017334,0
452,BUFFERS,10,0xaaab238584b3,339,5,BUFFERS,0,0,0,0,0,109,144,0.982662,0.999935,-0.017273,0
453,BUFFERS,10,0xaaab23858569,521,5,BUFFERS,0,0,0,0,0,109,832,0.982662,0.999998,-0.017336,0
454,BUFFERS,10,0xaaab23858519,441,1,BUFFERS,0,0,0,1,1,109,109,0.982662,0.766765,0.215897,0
455,BUFFERS,10,0xaaab23858484,292,2,BUFFERS,0,0,0,1,1,109,109,0.982662,0.867077,0.115585,0
456,BUFFERS,10,0xaaab23858687,807,0,BUFFERS,0,0,0,0,0,109,1,0.982662,0.849733,0.132929,0
457,BUFFERS,10,0xaaab2385836d,13,7,BUFFERS,0,0,0,0,0,109,13,0.982662,0.999999,-0.017337,0
458,BUFFERS,10,0xaaab23858494,308,3,BUFFERS,0,0,0,0,0,109,454,0.982662,0.999997,-0.017335,0
459,BUFFERS,10,0xaaab23858562,514,3,BUFFERS,0,0,0,0,0,109,252,0.982662,0.679176,0.303486,0
460,BUFFERS,10,0xaaab2385854f,495,3,BUFFERS,0,0,0,0,0,109,964,0.982662,0.999978,-0.017316,0
461,BUFFERS,10,0xaaab238584db,379,2,BUFFERS,0,0,0,1,1,109,109,0.982662,0.866186,0.116476,0
462,BUFFERS,10,0xaaab238584ee,398,6,BUFFERS,0,0,0,0,0,109,407,0.982662,0.999992,-0.017330,0
463,BUFFERS,10,0xaaab238583a8,72,6,BUFFERS,0,0,0,1,1,109,109,0.982662,0.679667,0.302995,0
464,BUFFERS,10,0xaaab2385870e,942,5,BUFFERS,0,0,0,1,1,109,109,0.982662,0.982757,-0.000095,0
465,BUFFERS,10,0xaaab2385843f,223,4,BUFFERS,0,0,0,1,1,109,109,0.982662,0.982571,0.000091,0
466,BUFFERS,10,0xaaab238583d9,121,0,BUFFERS,0,0,0,0,0,109,650,0.982662,0.512015,0.470647,0
467,BUFFERS,10,0xaaab23858635,725,0,BUFFERS,0,0,0,1,1,109,109,0.982662,0.805945,0.176717,0
468,BUFFERS,10,0xaaab238585b0,592,4,BUFFERS,0,0,0,0,0,109,210,0.982662,0.999995,-0.017333,0
469,BUFFERS,10,0xaaab23858449,233,4,BUFFERS,0,0,0,1,1,109,109,0.982662,0.982542,0.000120,0
470,BUFFERS,10,0xaaab2385850b,427,5,BUFFERS,0,0,0,0,0,109,244,0.982662,0.999972,-0.017310,0
471,BUFFERS,10,0xaaab23858393,51,6,BUFFERS,0,0,0,1,1,109,109,0.982662,0.598071,0.384591,0
472,BUFFERS,10,0xaaab23858649,745,7,BUFFERS,0,0,0,0,0,109,745,0.982662,0.999995,-0.017333,0
473,BUFFERS,10,0xaaab23858714,948,2,BUFFERS,0,0,0,1,1,109,109,0.982662,0.805887,0.176775,0
474,BUFFERS,10,0xaaab2385842d,205,7,BUFFERS,0,0,0,0,0,109,413,0.982662,0.622458,0.360204,0
475,BUFFERS,10,0xaaab23858495,309,5,BUFFERS,0,0,0,0,0,109,319,0.982662,0.999998,-0.017336,0
476,BUFFERS,10,0xaaab23858533,467,1,BUFFERS,0,0,0,1,1,109,109,0.982662,0.982662,0.000000,0
477,BUFFERS,10,0xaaab23858527,455,2,BUFFERS,0,0,0,0,0,109,353,0.982662,0.999996,-0.017334,0
478,BUFFERS,10,0xaaab2385847e,286,3,BUFFERS,0,0,0,0,0,109,193,0.982662,0.999998,-0.017336,0
479,BUFFERS,10,0xaaab2385842f,207,2,BUFFERS,0,0,0,0,0,109,460,0.982662,0.817573,0.165089,0
480,BUFFERS,10,0xaaab2385862c,716,2,BUFFERS,0,0,0,0,0,109,128,0.982662,0.622459,0.360203,0
481,BUFFERS,10,0xaaab23858550,496,7,BUFFERS,0,0,0,0,0,109,944,0.982662,0.727566,0.255096,0
482,BUFFERS,10,0xaaab23858457,247,2,BUFFERS,0,0,0,0,0,109,856,0.982662,0.880793,0.101869,0
483,BUFFERS,10,0xaaab2385841b,187,1,BUFFERS,0,0,0,0,0,109,465,0.982662,0.999990,-0.017328,0
484,BUFFERS,10,0xaaab238586b5,853,0,BUFFERS,0,0,0,0,0,109,166,0.982662,0.999998,-0.017336,0
485,BUFFERS,10,0xaaab23858454,244,2,BUFFERS,0,0,0,1,1,109,109,0.982662,0.671132,0.311530,0
486,BUFFERS,10,0xaaab2385851e,446,1,BUFFERS,0,0,0,0,0,109,952,0.982662,0.853830,0.128832,0
487,BUFFERS,10,0xaaab23858490,304,2,BUFFERS,0,0,0,1,1,109,109,0.982662,0.924596,0.058066,0
488,BUFFERS,10,0xaaab23858730,976,0,BUFFERS,0,0,0,0,0,109,104,0.982662,0.999996,-0.017334,0
489,BUFFERS,10,0xaaab2385872a,970,3,BUFFERS,0,0,0,0,0,109,745,0.982662,0.999950,-0.017288,0
490,BUFFERS,10,0xaaab238585c8,616,5,BUFFERS,0,0,0,0,0,109,462,0.982662,0.999998,-0.017336,0
491,BUFFERS,10,0xaaab2385863d,733,5,BUFFERS,0,0,0,1,1,109,109,0.982662,0.980551,0.002111,0
492,BUFFERS,10,0xaaab238586bc,860,2,BUFFERS,0,0,0,0,0,109,671,0.982662,0.999992,-0.017330,0
493,BUFFERS,10,0xaaab238584a5,325,4,BUFFERS,0,0,0,0,0,109,144,0.982662,0.999990,-0.017328,0
494,BUFFERS,10,0xaaab23858671,785,5,BUFFERS,0,0,0,1,1,109,109,0.982662,0.982659,0.000003,0
495,BUFFERS,10,0xaaab2385869a,826,6,BUFFERS,0,0,0,0,0,109,378,0.982662,0.999992,-0.017331,0
496,BUFFERS,10,0xaaab23858529,457,0,BUFFERS,0,0,0,1,1,109,109,0.982662,0.982673,-0.000011,0
497,BUFFERS,10,0xaaab238584db,379,1,BUFFERS,0,0,0,1,1,109,109,0.982662,0.615697,0.366965,0
498,BUFFERS,10,0xaaab23858465,261,3,BUFFERS,0,0,0,0,0,109,786,0.982662,0.999997,-0.017335,0
499,BUFFERS,10,0xaaab23858608,680,3,BUFFERS,0,0,0,0,0,109,532,0.982662,0.999998,-0.017336,0
500,BUFFERS,10,0xaaab23858581,545,5,BUFFERS,0,0,0,0,0,109,840,0.982662,1.000000,-0.017338,0
501,BUFFERS,10,0xaaab238583d4,116,1,BUFFERS,0,0,0,0,0,109,705,0.982662,0.777298,0.205364,0
502,BUFFERS,10,0xaaab238586ba,858,2,BUFFERS,0,0,0,0,0,109,721,0.982662,0.525270,0.457392,0
503,BUFFERS,10,0xaaab2385851d,445,5,BUFFERS,0,0,0,1,1,109,109,0.982662,0.839235,0.143427,0
504,BUFFERS,10,0xaaab2385873e,990,3,BUFFERS,0,0,0,0,0,109,404,0.982662,0.999983,-0.017321,0
505,BUFFERS,10,0xaaab238583c1,97,2,BUFFERS,0,0,0,1,1,109,109,0.982662,0.839336,0.143326,0
506,BUFFERS,10,0xaaab238586d9,889,7,BUFFERS,0,0,0,0,0,109,889,0.982662,0.999997,-0.017335,0
507,BUFFERS,10,0xaaab238583bb,91,4,BUFFERS,0,0,0,0,0,109,516,0.982662,0.999998,-0.017336,0
508,BUFFERS,10,0xaaab2385854d,493,1,BUFFERS,0,0,0,0,0,109,368,0.982662,0.999990,-0.017328,0
509,BUFFERS,10,0xaaab238584a4,324,3,BUFFERS,0,0,0,0,0,109,526,0.982662,0.999998,-0.017336,0
510,BUFFERS,10,0xaaab238586ed,909,2,BUFFERS,0,0,0,0,0,109,108,0.982662,0.997484,-0.014822,0
511,BUFFERS,10,0xaaab2385869e,830,6,BUFFERS,0,0,0,1,1,109,109,0.982662,0.982662,-0.000000,0
512,BUFFERS,10,0xaaab23858390,48,0,BUFFERS,0,0,0,1,1,109,109,0.982662,0.981211,0.001451,0
513,BUFFERS,10,0xaaab23858373,19,5,BUFFERS,0,0,0,1,1,109,109,0.982662,0.982587,0.000075,0
514,BUFFERS,10,0xaaab2385868a,810,2,BUFFERS,0,0,0,1,1,109,109,0.982662,0.805945,0.176717,0
515,BUFFERS,10,0xaaab23858612,690,0,BUFFERS,0,0,0,0,0,109,460,0.982662,0.999997,-0.017335,0
516,BUFFERS,10,0xaaab23858506,422,7,BUFFERS,0,0,0,0,0,109,422,0.982662,0.363211,0.619451,0
517,BUFFERS,10,0xaaab238585e9,649,6,BUFFERS,0,0,0,0,0,109,146,0.982662,0.999995,-0.017333,0
518,BUFFERS,10,0xaaab23858646,742,4,BUFFERS,0,0,0,0,0,109,859,0.982662,0.977021,0.005641,0
519,BUFFERS,10,0xaaab238585ed,653,4,BUFFERS,0,0,0,0,0,109,614,0.982662,0.999994,-0.017332,0
520,BUFFERS,10,0xaaab238584ca,362,7,BUFFERS,0,0,0,1,1,109,109,0.982662,0.982662,-0.000000,0
521,BUFFERS,10,0xaaab238583de,126,1,BUFFERS,0,0,0,1,1,109,109,0.982662,0.671137,0.311525,0
522,BUFFERS,10,0xaaab2385841c,188,4,BUFFERS,0,0,0,0,0,109,754,0.982662,0.999990,-0.017328,0
523,BUFFERS,10,0xaaab238584dd,381,1,BUFFERS,0,0,0,1,1,109,109,0.982662,0.982664,-0.000002,0
524,BUFFERS,10,0xaaab238585f3,659,4,BUFFERS,0,0,0,0,0,109,578,0.982662,0.999991,-0.017329,0
525,BUFFERS,10,0xaaab23858698,824,6,BUFFERS,0,0,0,0,0,109,937,0.982662,0.499691,0.482971,0
526,BUFFERS,10,0xaaab2385872d,973,5,BUFFERS,0,0,0,1,1,109,109,0.982662,0.675062,0.307600,0
527,BUFFERS,10,0xaaab238586b9,857,4,BUFFERS,0,0,0,0,0,109,431,0.982662,0.999998,-0.017336,0
528,BUFFERS,10,0xaaab23858695,821,0,BUFFERS,0,0,0,1,1,109,109,0.982662,0.865884,0.116778,0
529,BUFFERS,10,0xaaab23858664,772,2,BUFFERS,0,0,0,1,1,109,109,0.982662,0.982200,0.000462,0
530,BUFFERS,10,0xaaab238584f0,400,7,BUFFERS,0,0,0,0,0,109,400,0.982662,0.999987,-0.017325,0
531,BUFFERS,10,0xaaab23858601,673,1,BUFFERS,0,0,0,0,0,109,843,0.982662,0.999998,-0.017336,0
532,BUFFERS,10,0xaaab238584e5,389,4,BUFFERS,0,0,0,0,0,109,251,0.982662,0.999997,-0.017335,0
533,BUFFERS,10,0xaaab238586bd,861,7,BUFFERS,0,0,0,0,0,109,632,0.982662,0.562175,0.420487,0
534,BUFFERS,10,0xaaab238585a0,576,1,BUFFERS,0,0,0,1,1,109,109,0.982662,0.839225,0.143437,0
535,BUFFERS,10,0xaaab23858741,993,0,BUFFERS,0,0,0,0,0,109,989,0.982662,0.495626,0.487036,0
536,BUFFERS,10,0xaaab23858374,20,2,BUFFERS,0,0,0,0,0,109,103,0.982662,0.727606,0.255056,0
537,BUFFERS,10,0xaaab238584ea,394,0,BUFFERS,0,0,0,0,0,109,814,0.982662,0.999999,-0.017337,0
538,BUFFERS,10,0xaaab238586d6,886,2,BUFFERS,0,0,0,1,1,109,109,0.982662,0.982333,0.000329,0
539,BUFFERS,10,0xaaab238585e3,643,3,BUFFERS,0,0,0,0,0,109,421,0.982662,0.999999,-0.017337,0
540,BUFFERS,10,0xaaab23858407,167,0,BUFFERS,0,0,0,0,0,109,355,0.982662,0.999994,-0.017332,0
541,BUFFERS,10,0xaaab2385864e,750,3,BUFFERS,0,0,0,1,1,109,109,0.982662,0.982093,0.000569,0
542,BUFFERS,10,0xaaab238583c8,104,2,BUFFERS,0,0,0,1,1,109,109,0.982662,0.982660,0.000002,0
543,BUFFERS,10,0xaaab2385839c,60,0,BUFFERS,0,0,0,1,1,109,109,0.982662,0.982662,0.000000,0
544,BUFFERS,10,0xaaab238584ab,331,6,BUFFERS,0,0,0,0,0,109,84,0.982662,0.508524,0.474138,0
545,BUFFERS,10,0xaaab23858399,57,2,BUFFERS,0,0,0,1,1,109,109,0.982662,0.721747,0.260915,0
546,BUFFERS,10,0xaaab238586cf,879,0,BUFFERS,0,0,0,0,0,109,279,0.982662,0.999996,-0.017334,0
547,BUFFERS,10,0xaaab23858436,214,4,BUFFERS,0,0,0,0,0,109,678,0.982662,0.562176,0.420486,0
548,BUFFERS,10,0xaaab2385841f,191,4,BUFFERS,0,0,0,0,0,109,60,0.982662,0.495626,0.487036,0
549,BUFFERS,10,0xaaab238583a3,67,1,BUFFERS,0,0,0,1,1,109,109,0.982662,0.721748,0.260914,0
550,BUFFERS,10,0xaaab23858637,727,3,BUFFERS,0,0,0,0,0,109,147,0.982662,0.999999,-0.017337,0
551,BUFFERS,10,0xaaab2385847e,286,6,BUFFERS,0,0,0,1,1,109,109,0.982662,0.977210,0.005452,0
552,BUFFERS,10,0xaaab238585a5,581,2,BUFFERS,0,0,0,1,1,109,109,0.982662,0.657523,0.325139,0
553,BUFFERS,10,0xaaab23858688,808,7,BUFFERS,0,0,0,0,0,109,708,0.982662,0.999995,-0.017333,0
554,BUFFERS,10,0xaaab238583cd,109,0,BUFFERS,0,0,0,0,0,109,790,0.982662,0.999987,-0.017325,0
555,BUFFERS,10,0xaaab23858529,457,0,BUFFERS,0,0,0,1,1,109,109,0.982662,0.867319,0.115343,0
556,BUFFERS,10,0xaaab2385867a,794,6,BUFFERS,0,0,0,0,0,109,22,0.982662,0.999999,-0.017337,0
557,BUFFERS,10,0xaaab23858711,945,2,BUFFERS,0,0,0,1,1,109,109,0.982662,0.805948,0.176714,0
558,BUFFERS,10,0xaaab23858387,39,4,BUFFERS,0,0,0,0,0,109,833,0.982662,0.999999,-0.017337,0
559,BUFFERS,10,0xaaab238584b9,345,3,BUFFERS,0,0,0,0,0,109,467,0.982662,0.999983,-0.017321,0
560,BUFFERS,10,0xaaab2385857a,538,3,BUFFERS,0,0,0,1,1,109,109,0.982662,0.839336,0.143326,0
561,BUFFERS,10,0xaaab238584d3,371,7,BUFFERS,0,0,0,1,1,109,109,0.982662,0.981705,0.000957,0
562,BUFFERS,10,0xaaab238585e9,649,7,BUFFERS,0,0,0,1,1,109,109,0.982662,0.982662,0.000000,0
563,BUFFERS,10,0xaaab2385867b,795,3,BUFFERS,0,0,0,0,0,109,22,0.982662,0.999998,-0.017336,0
564,BUFFERS,10,0xaaab238584e9,393,5,BUFFERS,0,0,0,1,1,109,109,0.982662,0.965337,0.017325,0
565,BUFFERS,10,0xaaab238585b3,595,5,BUFFERS,0,0,0,0,0,109,851,0.982662,0.999998,-0.017336,0
566,BUFFERS,10,0xaaab23858379,25,6,BUFFERS,0,0,0,0,0,109,116,0.982662,0.989379,-0.006717,0
567,BUFFERS,10,0xaaab2385867b,795,7,BUFFERS,0,0,0,0,0,109,568,0.982662,0.703313,0.279349,0
568,BUFFERS,10,0xaaab238584e2,386,5,BUFFERS,0,0,0,0,0,109,205,0.982662,0.999995,-0.017333,0
569,BUFFERS,10,0xaaab23858733,979,4,BUFFERS,0,0,0,0,0,109,836,0.982662,0.995930,-0.013268,0
570,BUFFERS,10,0xaaab238586d0,880,5,BUFFERS,0,0,0,0,0,109,4,0.982662,0.727615,0.255047,0
571,BUFFERS,10,0xaaab23858440,224,2,BUFFERS,0,0,0,0,0,109,552,0.982662,0.562176,0.420486,0
572,BUFFERS,10,0xaaab23858405,165,4,BUFFERS,0,0,0,0,0,109,178,0.982662,0.999998,-0.017336,0
573,BUFFERS,10,0xaaab238585a3,579,7,BUFFERS,0,0,0,0,0,109,579,0.982662,0.999992,-0.017330,0
574,BUFFERS,10,0xaaab23858511,433,3,BUFFERS,0,0,0,0,0,109,33,0.982662,0.516449,0.466213,0
575,BUFFERS,10,0xaaab23858447,231,3,BUFFERS,0,0,0,0,0,109,812,0.982662,0.999983,-0.017321,0
576,BUFFERS,10,0xaaab2385871a,954,6,BUFFERS,0,0,0,0,0,109,954,0.982662,0.849733,0.132929,0
577,BUFFERS,10,0xaaab23858655,757,7,BUFFERS,0,0,0,0,0,109,757,0.982662,0.999994,-0.017332,0
578,BUFFERS,10,0xaaab23858442,226,0,BUFFERS,0,0,0,1,1,109,109,0.982662,0.982662,-0.000000,0
579,BUFFERS,10,0xaaab238586d4,884,6,BUFFERS,0,0,0,1,1,109,109,0.982662,0.805924,0.176738,0
580,BUFFERS,10,0xaaab238583a2,66,1,BUFFERS,0,0,0,0,0,109,483,0.982662,0.999998,-0.017336,0
581,BUFFERS,10,0xaaab238585d6,630,1,BUFFERS,0,0,0,1,1,109,109,0.982662,0.839335,0.143327,0
582,BUFFERS,10,0xaaab238583df,127,6,BUFFERS,0,0,0,1,1,109,109,0.982662,0.766622,0.216040,0
583,BUFFERS,10,0xaaab238585a1,577,7,BUFFERS,0,0,0,0,0,109,632,0.982662,0.999995,-0.017333,0
584,BUFFERS,10,0xaaab238586e5,901,0,BUFFERS,0,0,0,0,0,109,589,0.982662,0.999995,-0.017333,0
585,BUFFERS,10,0xaaab23858534,468,0,BUFFERS,0,0,0,0,0,109,655,0.982662,0.817574,0.165088,0
586,BUFFERS,10,0xaaab23858693,819,7,BUFFERS,0,0,0,0,0,109,147,0.982662,0.484189,0.498473,0
587,BUFFERS,10,0xaaab238585de,638,6,BUFFERS,0,0,0,1,1,109,109,0.982662,0.839331,0.143331,0
588,BUFFERS,10,0xaaab23858556,502,2,BUFFERS,0,0,0,0,0,109,882,0.982662,0.999978,-0.017316,0
589,BUFFERS,10,0xaaab2385851c,444,1,BUFFERS,0,0,0,0,0,109,418,0.982662,0.999998,-0.017336,0
590,BUFFERS,10,0xaaab238585dc,636,2,BUFFERS,0,0,0,1,1,109,109,0.982662,0.982589,0.000073,0
591,BUFFERS,10,0xaaab23858447,231,1,BUFFERS,0,0,0,0,0,109,688,0.982662,0.999962,-0.017300,0
592,BUFFERS,10,0xaaab23858737,983,5,BUFFERS,0,0,0,0,0,109,351,0.982662,0.999903,-0.017241,0
593,BUFFERS,10,0xaaab238586eb,907,0,BUFFERS,0,0,0,0,0,109,242,0.982662,0.999998,-0.017336,0
594,BUFFERS,10,0xaaab238584e5,389,5,BUFFERS,0,0,0,0,0,109,695,0.982662,0.495531,0.487131,0
595,BUFFERS,10,0xaaab238583d0,112,2,BUFFERS,0,0,0,1,1,109,109,0.982662,0.982658,0.000004,0
596,BUFFERS,10,0xaaab2385871b,955,4,BUFFERS,0,0,0,1,1,109,109,0.982662,0.989090,-0.006428,0
597,BUFFERS,10,0xaaab23858633,723,5,BUFFERS,0,0,0,0,0,109,314,0.982662,0.459511,0.523151,0
598,BUFFERS,10,0xaaab238586d6,886,5,BUFFERS,0,0,0,0,0,109,468,0.982662,0.999996,-0.017334,0
599,BUFFERS,10,0xaaab23858675,789,6,BUFFERS,0,0,0,1,1,109,109,0.982662,0.982657,0.000005,0
600,BUFFERS,10,0xaaab2385852f,463,7,BUFFERS,0,0,0,1,1,109,109,0.982662,0.982657,0.000004,0
601,BUFFERS,10,0xaaab2385868c,812,3,BUFFERS,0,0,0,0,0,109,62,0.982662,0.999990,-0.017328,0
602,BUFFERS,10,0xaaab2385860a,682,7,BUFFERS,0,0,0,0,0,109,682,0.982662,0.562176,0.420486,0
603,BUFFERS,10,0xaaab238585be,606,3,BUFFERS,0,0,0,0,0,109,119,0.982662,0.994681,-0.012019,0
604,BUFFERS,10,0xaaab2385852e,462,3,BUFFERS,0,0,0,0,0,109,619,0.982662,0.622459,0.360203,0
605,BUFFERS,10,0xaaab238584c7,359,2,BUFFERS,0,0,0,1,1,109,109,0.982662,0.670943,0.311719,0
606,BUFFERS,10,0xaaab23858446,230,7,BUFFERS,0,0,0,0,0,109,230,0.982662,0.999997,-0.017335,0
607,BUFFERS,10,0xaaab238584cd,365,7,BUFFERS,0,0,0,1,1,109,109,0.982662,0.556655,0.426006,0
608,BUFFERS,10,0xaaab238585ba,602,3,BUFFERS,0,0,0,0,0,109,223,0.982662,0.562175,0.420487,0
609,BUFFERS,10,0xaaab23858560,512,6,BUFFERS,0,0,0,0,0,109,657,0.982662,0.999975,-0.017313,0
610,BUFFERS,10,0xaaab2385863b,731,2,BUFFERS,0,0,0,0,0,109,984,0.982662,0.924129,0.058532,0
611,BUFFERS,10,0xaaab238584ea,394,0,BUFFERS,0,0,0,1,1,109,109,0.982662,0.839336,0.143326,0
612,BUFFERS,10,0xaaab238585b3,595,7,BUFFERS,0,0,0,0,0,109,595,0.982662,0.880796,0.101866,0
613,BUFFERS,10,0xaaab23858470,272,7,BUFFERS,0,0,0,0,0,109,321,0.982662,0.499999,0.482663,0
614,BUFFERS,10,0xaaab238586fa,922,4,BUFFERS,0,0,0,0,0,109,398,0.982662,0.999993,-0.017331,0
615,BUFFERS,10,0xaaab2385852b,459,7,BUFFERS,0,0,0,1,1,109,109,0.982662,0.982509,0.000153,0
616,BUFFERS,10,0xaaab23858422,194,1,BUFFERS,0,0,0,0,0,109,72,0.982662,0.817573,0.165089,0
617,BUFFERS,10,0xaaab238584a2,322,3,BUFFERS,0,0,0,0,0,109,579,0.982662,0.999992,-0.017330,0
618,BUFFERS,10,0xaaab238583db,123,3,BUFFERS,0,0,0,1,1,109,109,0.982662,0.982615,0.000047,0
619,BUFFERS,10,0xaaab23858374,20,5,BUFFERS,0,0,0,1,1,109,109,0.982662,0.968231,0.014431,0
620,BUFFERS,10,0xaaab23858587,551,7,BUFFERS,0,0,0,1,1,109,109,0.982662,0.671135,0.311527,0
621,BUFFERS,10,0xaaab238585b2,594,5,BUFFERS,0,0,0,1,1,109,109,0.982662,0.721708,0.260954,0
622,BUFFERS,10,0xaaab238584a1,321,4,BUFFERS,0,0,0,0,0,109,825,0.982662,0.675356,0.307306,0
623,BUFFERS,10,0xaaab2385851b,443,2,BUFFERS,0,0,0,0,0,109,298,0.982662,0.727606,0.255056,0
624,BUFFERS,10,0xaaab238585fe,670,0,BUFFERS,0,0,0,0,0,109,97,0.982662,0.715841,0.266821,0
625,BUFFERS,10,0xaaab2385850a,426,6,BUFFERS,0,0,0,1,1,109,109,0.982662,0.982606,0.000056,0
626,BUFFERS,10,0xaaab238586f6,918,1,BUFFERS,0,0,0,0,0,109,57,0.982662,0.999987,-0.017325,0
627,BUFFERS,10,0xaaab238586e9,905,6,BUFFERS,0,0,0,0,0,109,279,0.982662,0.679177,0.303485,0
628,BUFFERS,10,0xaaab238584ab,331,2,BUFFERS,0,0,0,0,0,109,581,0.982662,0.999989,-0.017327,0
629,BUFFERS,10,0xaaab23858639,729,5,BUFFERS,0,0,0,1,1,109,109,0.982662,0.982662,-0.000000,0
630,BUFFERS,10,0xaaab23858578,536,3,BUFFERS,0,0,0,0,0,109,856,0.982662,0.562175,0.420487,0
631,BUFFERS,10,0xaaab23858549,489,2,BUFFERS,0,0,0,1,1,109,109,0.982662,0.982543,0.000119,0
632,BUFFERS,10,0xaaab2385859a,570,6,BUFFERS,0,0,0,1,1,109,109,0.982662,0.982662,0.000000,0
633,BUFFERS,10,0xaaab23858466,262,3,BUFFERS,0,0,0,0,0,109,516,0.982662,0.999998,-0.017336,0
634,BUFFERS,10,0xaaab2385856c,524,3,BUFFERS,0,0,0,0,0,109,821,0.982662,0.999992,-0.017330,0
635,BUFFERS,10,0xaaab23858688,808,5,BUFFERS,0,0,0,0,0,109,238,0.982662,0.999990,-0.017328,0
636,BUFFERS,10,0xaaab238584e0,384,6,BUFFERS,0,0,0,1,1,109,109,0.982662,0.982662,0.000000,0
637,BUFFERS,10,0xaaab23858633,723,2,BUFFERS,0,0,0,0,0,109,468,0.982662,0.999995,-0.017333,0
638,BUFFERS,10,0xaaab238583ad,77,6,BUFFERS,0,0,0,0,0,109,116,0.982662,0.882987,0.099675,0
639,BUFFERS,10,0xaaab2385856b,523,1,BUFFERS,0,0,0,1,1,109,109,0.982662,0.981982,0.000680,0
640,BUFFERS,10,0xaaab238586a9,841,1,BUFFERS,0,0,0,1,1,109,109,0.982662,0.981213,0.001449,0
641,BUFFERS,10,0xaaab23858494,308,7,BUFFERS,0,0,0,1,1,109,109,0.982662,0.982629,0.000033,0
642,BUFFERS,10,0xaaab2385844a,234,0,BUFFERS,0,0,0,0,0,109,228,0.982662,0.999441,-0.016779,0
643,BUFFERS,10,0xaaab23858491,305,6,BUFFERS,0,0,0,0,0,109,305,0.982662,0.989175,-0.006513,0
644,BUFFERS,10,0xaaab238584de,382,3,BUFFERS,0,0,0,0,0,109,453,0.982662,0.999995,-0.017333,0
645,BUFFERS,10,0xaaab23858611,689,7,BUFFERS,0,0,0,0,0,109,724,0.982662,0.817572,0.165090,0
646,BUFFERS,10,0xaaab238585f0,656,0,BUFFERS,0,0,0,0,0,109,304,0.982662,0.922907,0.059755,0
647,BUFFERS,10,0xaaab23858396,54,7,BUFFERS,0,0,0,0,0,109,54,0.982662,0.999998,-0.017336,0
648,BUFFERS,10,0xaaab23858598,568,3,BUFFERS,0,0,0,1,1,109,109,0.982662,0.982580,0.000082,0
649,BUFFERS,10,0xaaab23858439,217,6,BUFFERS,0,0,0,0,0,109,613,0.982662,0.851949,0.130713,0
650,BUFFERS,10,0xaaab23858517,439,0,BUFFERS,0,0,0,0,0,109,272,0.982662,0.562175,0.420487,0
651,BUFFERS,10,0xaaab23858661,769,1,BUFFERS,0,0,0,0,0,109,141,0.982662,0.999998,-0.017336,0
652,BUFFERS,10,0xaaab238585da,634,0,BUFFERS,0,0,0,0,0,109,990,0.982662,0.912552,0.070110,0
653,BUFFERS,10,0xaaab2385855b,507,1,BUFFERS,0,0,0,0,0,109,905,0.982662,0.999990,-0.017328,0
654,BUFFERS,10,0xaaab238583ce,110,2,BUFFERS,0,0,0,0,0,109,651,0.982662,0.499998,0.482664,0
655,BUFFERS,10,0xaaab23858391,49,6,BUFFERS,0,0,0,0,0,109,750,0.982662,0.999993,-0.017331,0
656,BUFFERS,10,0xaaab238584da,378,3,BUFFERS,0,0,0,1,1,109,109,0.982662,0.982605,0.000057,0
657,BUFFERS,10,0xaaab23858458,248,6,BUFFERS,0,0,0,0,0,109,236,0.982662,0.499999,0.482663,0
658,BUFFERS,10,0xaaab238585d5,629,4,BUFFERS,0,0,0,0,0,109,424,0.982662,0.999998,-0.017336,0
659,BUFFERS,10,0xaaab238586a3,835,7,BUFFERS,0,0,0,0,0,109,590,0.982662,0.999992,-0.017330,0
660,BUFFERS,10,0xaaab23858662,770,0,BUFFERS,0,0,0,1,1,109,109,0.982662,0.641295,0.341367,0
661,BUFFERS,10,0xaaab238585c9,617,4,BUFFERS,0,0,0,1,1,109,109,0.982662,0.982588,0.000074,0
662,BUFFERS,10,0xaaab2385851b,443,7,BUFFERS,0,0,0,0,0,109,443,0.982662,0.999999,-0.017337,0
663,BUFFERS,10,0xaaab2385856a,522,5,BUFFERS,0,0,0,0,0,109,65,0.982662,0.998806,-0.016144,0
664,BUFFERS,10,0xaaab23858587,551,0,BUFFERS,0,0,0,0,0,109,555,0.982662,0.499992,0.482670,0
665,BUFFERS,10,0xaaab2385855b,507,2,BUFFERS,0,0,0,0,0,109,378,0.982662,0.679177,0.303485,0
666,BUFFERS,10,0xaaab23858682,802,2,BUFFERS,0,0,0,0,0,109,833,0.982662,0.817574,0.165088,0
667,BUFFERS,10,0xaaab238586a8,840,4,BUFFERS,0,0,0,0,0,109,877,0.982662,0.999969,-0.017308,0
668,BUFFERS,10,0xaaab23858714,948,0,BUFFERS,0,0,0,0,0,109,924,0.982662,0.727606,0.255056,0
669,BUFFERS,10,0xaaab2385857b,539,5,BUFFERS,0,0,0,1,1,109,109,0.982662,0.981781,0.000881,0
670,BUFFERS,10,0xaaab2385858a,554,6,BUFFERS,0,0,0,0,0,109,819,0.982662,0.999998,-0.017336,0
671,BUFFERS,10,0xaaab23858540,480,4,BUFFERS,0,0,0,1,1,109,109,0.982662,0.798799,0.183863,0
672,BUFFERS,10,0xaaab238586c4,868,4,BUFFERS,0,0,0,0,0,109,444,0.982662,0.562175,0.420487,0
673,BUFFERS,10,0xaaab238586f8,920,4,BUFFERS,0,0,0,1,1,109,109,0.982662,0.981976,0.000686,0
674,BUFFERS,10,0xaaab23858373,19,7,BUFFERS,0,0,0,1,1,109,109,0.982662,0.766095,0.216567,0
675,BUFFERS,10,0xaaab23858704,932,3,BUFFERS,0,0,0,0,0,109,413,0.982662,0.999997,-0.017335,0
676,BUFFERS,10,0xaaab238585c5,613,2,BUFFERS,0,0,0,1,1,109,109,0.982662,0.805944,0.176718,0
677,BUFFERS,10,0xaaab23858744,996,7,BUFFERS,0,0,0,0,0,109,343,0.982662,0.999992,-0.017330,0
678,BUFFERS,10,0xaaab23858387,39,3,BUFFERS,0,0,0,1,1,109,109,0.982662,0.766746,0.215916,0
679,BUFFERS,10,0xaaab23858437,215,2,BUFFERS,0,0,0,0,0,109,711,0.982662,0.999999,-0.017337,0
680,BUFFERS,10,0xaaab238585f1,657,0,BUFFERS,0,0,0,1,1,109,109,0.982662,0.982661,0.000001,0
681,BUFFERS,10,0xaaab238585b9,601,0,BUFFERS,0,0,0,1,1,109,109,0.982662,0.982128,0.000534,0
682,BUFFERS,10,0xaaab2385839c,60,2,BUFFERS,0,0,0,1,1,109,109,0.982662,0.839335,0.143327,0
683,BUFFERS,10,0xaaab23858702,930,7,BUFFERS,0,0,0,0,0,109,930,0.982662,0.999992,-0.017330,0
684,BUFFERS,10,0xaaab23858665,773,1,BUFFERS,0,0,0,0,0,109,190,0.982662,0.731056,0.251606,0
685,BUFFERS,10,0xaaab23858609,681,7,BUFFERS,0,0,0,0,0,109,681,0.982662,0.999987,-0.017325,0
686,BUFFERS,10,0xaaab238584a9,329,2,BUFFERS,0,0,0,0,0,109,604,0.982662,0.999999,-0.017337,0
687,BUFFERS,10,0xaaab2385855e,510,5,BUFFERS,0,0,0,0,0,109,546,0.982662,0.999996,-0.017334,0
688,BUFFERS,10,0xaaab2385843e,222,6,BUFFERS,0,0,0,0,0,109,951,0.982662,0.981696,0.000966,0
689,BUFFERS,10,0xaaab238583ef,143,6,BUFFERS,0,0,0,1,1,109,109,0.982662,0.849987,0.132675,0
690,BUFFERS,10,0xaaab238584fa,410,7,BUFFERS,0,0,0,0,0,109,742,0.982662,0.904619,0.078043,0
691,BUFFERS,10,0xaaab238586a9,841,2,BUFFERS,0,0,0,0,0,109,853,0.982662,0.999997,-0.017335,0
692,BUFFERS,10,0xaaab23858397,55,2,BUFFERS,0,0,0,0,0,109,614,0.982662,0.999995,-0.017333,0
693,BUFFERS,10,0xaaab23858745,997,1,BUFFERS,0,0,0,0,0,109,233,0.982662,0.562176,0.420486,0
694,BUFFERS,10,0xaaab23858562,514,3,BUFFERS,0,0,0,0,0,109,69,0.982662,0.714301,0.268361,0
695,BUFFERS,10,0xaaab238583d6,118,3,BUFFERS,0,0,0,0,0,109,375,0.982662,0.851951,0.130711,0
696,BUFFERS,10,0xaaab23858647,743,4,BUFFERS,0,0,0,0,0,109,351,0.982662,0.999978,-0.017316,0
697,BUFFERS,10,0xaaab238583d8,120,5,BUFFERS,0,0,0,0,0,109,770,0.982662,0.622458,0.360204,0
698,BUFFERS,10,0xaaab238586a5,837,2,BUFFERS,0,0,0,0,0,109,157,0.982662,0.999998,-0.017336,0
699,BUFFERS,10,0xaaab238586ca,874,3,BUFFERS,0,0,0,1,1,109,109,0.982662,0.982617,0.000045,0
700,BUFFERS,10,0xaaab23858711,945,3,BUFFERS,0,0,0,1,1,109,109,0.982662,0.982662,0.000000,0
701,BUFFERS,10,0xaaab23858742,994,0,BUFFERS,0,0,0,0,0,109,418,0.982662,0.777299,0.205363,0
702,BUFFERS,10,0xaaab23858458,248,4,BUFFERS,0,0,0,1,1,109,109,0.982662,0.982718,-0.000056,0
703,BUFFERS,10,0xaaab238586e0,896,3,BUFFERS,0,0,0,1,1,109,109,0.982662,0.811503,0.171159,0
704,BUFFERS,10,0xaaab238585d6,630,6,BUFFERS,0,0,0,0,0,109,414,0.982662,0.679178,0.303484,0
705,BUFFERS,10,0xaaab23858476,278,2,BUFFERS,0,0,0,0,0,109,176,0.982662,0.999981,-0.017319,0
706,BUFFERS,10,0xaaab23858513,435,5,BUFFERS,0,0,0,0,0,109,591,0.982662,0.499998,0.482664,0
707,BUFFERS,10,0xaaab2385853d,477,0,BUFFERS,0,0,0,1,1,109,109,0.982662,0.981880,0.000782,0
708,BUFFERS,10,0xaaab2385840d,173,2,BUFFERS,0,0,0,1,1,109,109,0.982662,0.615254,0.367408,0
709,BUFFERS,10,0xaaab23858526,454,0,BUFFERS,0,0,0,1,1,109,109,0.982662,0.982662,0.000000,0
710,BUFFERS,10,0xaaab23858638,728,5,BUFFERS,0,0,0,1,1,109,109,0.982662,0.982241,0.000421,0
711,BUFFERS,10,0xaaab238583a8,72,0,BUFFERS,0,0,0,0,0,109,779,0.982662,0.381818,0.600844,0
712,BUFFERS,10,0xaaab238585a2,578,0,BUFFERS,0,0,0,1,1,109,109,0.982662,0.517657,0.465005,0
713,BUFFERS,10,0xaaab238586a7,839,3,BUFFERS,0,0,0,1,1,109,109,0.982662,0.982664,-0.000002,0
714,BUFFERS,10,0xaaab238584ed,397,5,BUFFERS,0,0,0,0,0,109,439,0.982662,0.562175,0.420487,0
715,BUFFERS,10,0xaaab238583f5,149,3,BUFFERS,0,0,0,1,1,109,109,0.982662,0.867296,0.115366,0
716,BUFFERS,10,0xaaab23858378,24,5,BUFFERS,0,0,0,0,0,109,559,0.982662,0.736124,0.246538,0
717,BUFFERS,10,0xaaab2385859a,570,1,BUFFERS,0,0,0,1,1,109,109,0.982662,0.982069,0.000593,0
718,BUFFERS,10,0xaaab238584d1,369,0,BUFFERS,0,0,0,1,1,109,109,0.982662,0.982618,0.000044,0
719,BUFFERS,10,0xaaab23858660,768,1,BUFFERS,0,0,0,1,1,109,109,0.982662,0.570307,0.412355,0
720,BUFFERS,10,0xaaab23858727,967,4,BUFFERS,0,0,0,1,1,109,109,0.982662,0.982658,0.000004,0
721,BUFFERS,10,0xaaab23858407,167,2,BUFFERS,0,0,0,1,1,109,109,0.982662,0.978641,0.004021,0
722,BUFFERS,10,0xaaab238583e0,128,3,BUFFERS,0,0,0,0,0,109,966,0.982662,0.999995,-0.017333,0
723,BUFFERS,10,0xaaab23858631,721,4,BUFFERS,0,0,0,0,0,109,469,0.982662,0.557877,0.424785,0
724,BUFFERS,10,0xaaab238586d0,880,4,BUFFERS,0,0,0,0,0,109,702,0.982662,0.999995,-0.017333,0
725,BUFFERS,10,0xaaab23858566,518,1,BUFFERS,0,0,0,1,1,109,109,0.982662,0.982589,0.000073,0
726,BUFFERS,10,0xaaab23858658,760,0,BUFFERS,0,0,0,1,1,109,109,0.982662,0.982662,0.000000,0
727,BUFFERS,10,0xaaab238585fc,668,3,BUFFERS,0,0,0,1,1,109,109,0.982662,0.982662,0.000000,0
728,BUFFERS,10,0xaaab238586a6,838,2,BUFFERS,0,0,0,0,0,109,12,0.982662,0.777298,0.205364,0
729,BUFFERS,10,0xaaab238586e8,904,4,BUFFERS,0,0,0,1,1,109,109,0.982662,0.982587,0.000075,0
730,BUFFERS,10,0xaaab23858557,503,0,BUFFERS,0,0,0,0,0,109,696,0.982662,0.999997,-0.017335,0
731,BUFFERS,10,0xaaab23858508,424,6,BUFFERS,0,0,0,1,1,109,109,0.982662,0.982617,0.000045,0
732,BUFFERS,10,0xaaab2385862c,716,7,BUFFERS,0,0,0,0,0,109,848,0.982662,0.352082,0.630580,0
733,BUFFERS,10,0xaaab2385865c,764,2,BUFFERS,0,0,0,0,0,109,615,0.982662,0.817572,0.165090,0
734,BUFFERS,10,0xaaab23858498,312,6,BUFFERS,0,0,0,1,1,109,109,0.982662,0.805949,0.176713,0
735,BUFFERS,10,0xaaab23858596,566,5,BUFFERS,0,0,0,0,0,109,827,0.982662,0.679178,0.303484,0
736,BUFFERS,10,0xaaab238583dd,125,4,BUFFERS,0,0,0,1,1,109,109,0.982662,0.671135,0.311527,0
737,BUFFERS,10,0xaaab23858416,182,1,BUFFERS,0,0,0,1,1,109,109,0.982662,0.982610,0.000052,0
738,BUFFERS,10,0xaaab23858639,729,0,BUFFERS,0,0,0,1,1,109,109,0.982662,0.924374,0.058288,0
739,BUFFERS,10,0xaaab2385863e,734,3,BUFFERS,0,0,0,0,0,109,854,0.982662,0.999993,-0.017331,0
740,BUFFERS,10,0xaaab23858478,280,2,BUFFERS,0,0,0,0,0,109,62,0.982662,0.999437,-0.016775,0
741,BUFFERS,10,0xaaab238586a0,832,7,BUFFERS,0,0,0,0,0,109,832,0.982662,0.999998,-0.017336,0
742,BUFFERS,10,0xaaab238586d4,884,5,BUFFERS,0,0,0,0,0,109,633,0.982662,0.499999,0.482663,0
743,BUFFERS,10,0xaaab238586de,894,4,BUFFERS,0,0,0,0,0,109,416,0.982662,0.999983,-0.017321,0
744,BUFFERS,10,0xaaab238583d0,112,7,BUFFERS,0,0,0,0,0,109,328,0.982662,0.999562,-0.016900,0
745,BUFFERS,10,0xaaab238584e9,393,4,BUFFERS,0,0,0,1,1,109,109,0.982662,0.705726,0.276936,0
746,BUFFERS,10,0xaaab2385861d,701,0,BUFFERS,0,0,0,0,0,109,827,0.982662,0.817573,0.165089,0
747,BUFFERS,10,0xaaab23858616,694,4,BUFFERS,0,0,0,1,1,109,109,0.982662,0.982661,0.000001,0
748,BUFFERS,10,0xaaab23858668,776,4,BUFFERS,0,0,0,1,1,109,109,0.982662,0.805949,0.176713,0
749,BUFFERS,10,0xaaab2385873e,990,1,BUFFERS,0,0,0,1,1,109,109,0.982662,0.982664,-0.000002,0
750,BUFFERS,10,0xaaab2385840c,172,7,BUFFERS,0,0,0,0,0,109,172,0.982662,0.679176,0.303486,0
751,BUFFERS,10,0xaaab2385871f,959,2,BUFFERS,0,0,0,1,1,109,109,0.982662,0.989367,-0.006706,0
752,BUFFERS,10,0xaaab2385838b,43,3,BUFFERS,0,0,0,1,1,109,109,0.982662,0.839336,0.143326,0
753,BUFFERS,10,0xaaab238584a3,323,6,BUFFERS,0,0,0,0,0,109,406,0.982662,0.880795,0.101867,0
754,BUFFERS,10,0xaaab238583ff,159,5,BUFFERS,0,0,0,1,1,109,109,0.982662,0.984487,-0.001825,0
755,BUFFERS,10,0xaaab238585fc,668,5,BUFFERS,0,0,0,0,0,109,493,0.982662,0.999960,-0.017298,0
756,BUFFERS,10,0xaaab2385839e,62,6,BUFFERS,0,0,0,1,1,109,109,0.982662,0.982466,0.000196,0
757,BUFFERS,10,0xaaab2385842e,206,3,BUFFERS,0,0,0,0,0,109,166,0.982662,0.999999,-0.017337,0
758,BUFFERS,10,0xaaab23858492,306,4,BUFFERS,0,0,0,0,0,109,242,0.982662,0.999997,-0.017335,0
759,BUFFERS,10,0xaaab23858504,420,5,BUFFERS,0,0,0,1,1,109,109,0.982662,0.671103,0.311559,0
760,BUFFERS,10,0xaaab23858391,49,1,BUFFERS,0,0,0,0,0,109,248,0.982662,0.999987,-0.017325,0
761,BUFFERS,10,0xaaab2385859c,572,2,BUFFERS,0,0,0,1,1,109,109,0.982662,0.982569,0.000093,0
762,BUFFERS,10,0xaaab238584a5,325,5,BUFFERS,0,0,0,0,0,109,7,0.982662,0.727498,0.255164,0
763,BUFFERS,10,0xaaab23858690,816,5,BUFFERS,0,0,0,0,0,109,657,0.982662,0.999990,-0.017328,0
764,BUFFERS,10,0xaaab23858713,947,6,BUFFERS,0,0,0,0,0,109,947,0.982662,0.962035,0.020627,0
765,BUFFERS,10,0xaaab23858510,432,2,BUFFERS,0,0,0,0,0,109,5,0.982662,0.998393,-0.015731,0
766,BUFFERS,10,0xaaab238583c7,103,6,BUFFERS,0,0,0,0,0,109,103,0.982662,0.727605,0.255057,0
767,BUFFERS,10,0xaaab238585d8,632,3,BUFFERS,0,0,0,0,0,109,29,0.982662,0.849733,0.132929,0
768,BUFFERS,10,0xaaab238583ad,77,2,BUFFERS,0,0,0,0,0,109,170,0.982662,0.999992,-0.017330,0
769,BUFFERS,10,0xaaab23858446,230,2,BUFFERS,0,0,0,1,1,109,109,0.982662,0.670259,0.312403,0
770,BUFFERS,10,0xaaab2385873c,988,1,BUFFERS,0,0,0,0,0,109,706,0.982662,0.924141,0.058521,0
771,BUFFERS,10,0xaaab2385864a,746,0,BUFFERS,0,0,0,0,0,109,113,0.982662,0.981682,0.000980,0
772,BUFFERS,10,0xaaab23858485,293,4,BUFFERS,0,0,0,0,0,109,75,0.982662,0.618340,0.364322,0
773,BUFFERS,10,0xaaab23858412,178,4,BUFFERS,0,0,0,0,0,109,601,0.982662,0.999997,-0.017335,0
774,BUFFERS,10,0xaaab23858550,496,1,BUFFERS,0,0,0,1,1,109,109,0.982662,0.839335,0.143327,0
775,BUFFERS,10,0xaaab238586e8,904,2,BUFFERS,0,0,0,0,0,109,864,0.982662,0.999978,-0.017316,0
776,BUFFERS,10,0xaaab23858427,199,1,BUFFERS,0,0,0,0,0,109,860,0.982662,0.999997,-0.017335,0
777,BUFFERS,10,0xaaab23858520,448,0,BUFFERS,0,0,0,0,0,109,6,0.982662,0.950204,0.032458,0
778,BUFFERS,10,0xaaab2385855b,507,4,BUFFERS,0,0,0,1,1,109,109,0.982662,0.621615,0.361047,0
779,BUFFERS,10,0xaaab238585a3,579,0,BUFFERS,0,0,0,0,0,109,317,0.982662,0.840416,0.142246,0
780,BUFFERS,10,0xaaab2385856e,526,7,BUFFERS,0,0,0,0,0,109,526,0.982662,0.999999,-0.017337,0
781,BUFFERS,10,0xaaab238583f9,153,7,BUFFERS,0,0,0,1,1,109,109,0.982662,0.982660,0.000002,0
782,BUFFERS,10,0xaaab23858539,473,2,BUFFERS,0,0,0,0,0,109,923,0.982662,0.777299,0.205363,0
783,BUFFERS,10,0xaaab2385859a,570,3,BUFFERS,0,0,0,1,1,109,109,0.982662,0.805946,0.176716,0
784,BUFFERS,10,0xaaab2385866d,781,7,BUFFERS,0,0,0,0,0,109,781,0.982662,0.999964,-0.017302,0
785,BUFFERS,10,0xaaab238583b7,87,2,BUFFERS,0,0,0,1,1,109,109,0.982662,0.982745,-0.000083,0
786,BUFFERS,10,0xaaab238583b7,87,0,BUFFERS,0,0,0,1,1,109,109,0.982662,0.982662,0.000000,0
787,BUFFERS,10,0xaaab23858545,485,3,BUFFERS,0,0,0,1,1,109,109,0.982662,0.982261,0.000401,0
788,BUFFERS,10,0xaaab238586f7,919,7,BUFFERS,0,0,0,0,0,109,919,0.982662,0.777299,0.205363,0
789,BUFFERS,10,0xaaab238583f0,144,1,BUFFERS,0,0,0,1,1,109,109,0.982662,0.556655,0.426007,0
790,BUFFERS,10,0xaaab2385859d,573,6,BUFFERS,0,0,0,1,1,109,109,0.982662,0.676591,0.306071,0
791,BUFFERS,10,0xaaab2385848c,300,0,BUFFERS,0,0,0,1,1,109,109,0.982662,0.654758,0.327904,0
792,BUFFERS,10,0xaaab23858493,307,5,BUFFERS,0,0,0,0,1,109,955,0.982662,0.999983,-0.017321,0
793,BUFFERS,10,0xaaab2385855f,511,5,BUFFERS,0,0,0,0,0,109,436,0.982662,0.999727,-0.017065,0
794,BUFFERS,10,0xaaab238586a7,839,4,BUFFERS,0,0,0,1,1,109,109,0.982662,0.932033,0.050628,0
795,BUFFERS,10,0xaaab23858431,209,4,BUFFERS,0,0,0,0,0,109,984,0.982662,0.500000,0.482662,0
796,BUFFERS,10,0xaaab2385859e,574,6,BUFFERS,0,0,0,0,0,109,273,0.982662,0.999969,-0.017307,0
797,BUFFERS,10,0xaaab23858661,769,5,BUFFERS,0,0,0,1,1,109,109,0.982662,0.867319,0.115343,0
798,BUFFERS,10,0xaaab238583eb,139,7,BUFFERS,0,0,0,0,0,109,139,0.982662,0.999998,-0.017336,0
799,BUFFERS,10,0xaaab23858542,482,5,BUFFERS,0,0,0,1,1,109,109,0.982662,0.866441,0.116221,0
800,BUFFERS,10,0xaaab23858515,437,1,BUFFERS,0,0,0,0,0,109,359,0.982662,0.999832,-0.017170,0
801,BUFFERS,10,0xaaab2385839d,61,7,BUFFERS,0,0,0,0,0,109,515,0.982662,0.999999,-0.017337,0
802,BUFFERS,10,0xaaab2385856e,526,0,BUFFERS,0,0,0,1,1,109,109,0.982662,0.982562,0.000100,0
803,BUFFERS,10,0xaaab23858514,436,2,BUFFERS,0,0,0,0,0,109,442,0.982662,0.999988,-0.017326,0
804,BUFFERS,10,0xaaab2385873f,991,1,BUFFERS,0,0,0,0,0,109,263,0.982662,0.999998,-0.017336,0
805,BUFFERS,10,0xaaab238584c7,359,3,BUFFERS,0,0,0,1,1,109,109,0.982662,0.721379,0.261283,0
806,BUFFERS,10,0xaaab23858743,995,3,BUFFERS,0,0,0,1,1,109,109,0.982662,0.982604,0.000058,0
807,BUFFERS,10,0xaaab23858712,946,7,BUFFERS,0,0,0,0,0,109,625,0.982662,0.999970,-0.017308,0
808,BUFFERS,10,0xaaab2385842c,204,7,BUFFERS,0,0,0,0,0,109,204,0.982662,0.999998,-0.017336,0
809,BUFFERS,10,0xaaab238585b0,592,6,BUFFERS,0,0,0,1,1,109,109,0.982662,0.982652,0.000010,0
810,BUFFERS,10,0xaaab2385841f,191,0,BUFFERS,0,0,0,1,1,109,109,0.982662,0.805666,0.176996,0
811,BUFFERS,10,0xaaab2385857c,540,5,BUFFERS,0,0,0,0,0,109,443,0.982662,0.574097,0.408565,0
812,BUFFERS,10,0xaaab2385839d,61,5,BUFFERS,0,0,0,0,0,109,254,0.982662,0.999996,-0.017334,0
813,BUFFERS,10,0xaaab23858520,448,4,BUFFERS,0,0,0,0,0,109,554,0.982662,0.999959,-0.017297,0
814,BUFFERS,10,0xaaab23858563,515,6,BUFFERS,0,0,0,0,0,109,250,0.982662,0.999988,-0.017326,0
815,BUFFERS,10,0xaaab23858611,689,7,BUFFERS,0,0,0,0,0,109,689,0.982662,0.999975,-0.017313,0
816,BUFFERS,10,0xaaab23858374,20,6,BUFFERS,0,0,0,0,0,109,20,0.982662,0.660201,0.322461,0
817,BUFFERS,10,0xaaab23858390,48,7,BUFFERS,0,0,0,1,1,109,109,0.982662,0.979530,0.003132,0
818,BUFFERS,10,0xaaab23858476,278,7,BUFFERS,0,0,0,0,0,109,739,0.982662,0.512143,0.470519,0
819,BUFFERS,10,0xaaab23858559,505,2,BUFFERS,0,0,0,1,1,109,109,0.982662,0.982662,-0.000000,0
820,BUFFERS,10,0xaaab23858604,676,4,BUFFERS,0,0,0,0,0,109,522,0.982662,0.903130,0.079532,0
821,BUFFERS,10,0xaaab23858647,743,1,BUFFERS,0,0,0,1,1,109,109,0.982662,0.721749,0.260913,0
822,BUFFERS,10,0xaaab23858666,774,3,BUFFERS,0,0,0,0,0,109,978,0.982662,0.561701,0.420961,0
823,BUFFERS,10,0xaaab23858410,176,0,BUFFERS,0,0,0,0,0,109,656,0.982662,0.851951,0.130711,0
824,BUFFERS,10,0xaaab2385837d,29,7,BUFFERS,0,0,0,1,1,109,109,0.982662,0.982503,0.000159,0
825,BUFFERS,10,0xaaab2385851d,445,5,BUFFERS,0,0,0,0,0,109,310,0.982662,0.922906,0.059756,0
826,BUFFERS,10,0xaaab2385860f,687,0,BUFFERS,0,0,0,1,1,109,109,0.982662,0.671136,0.311526,0
827,BUFFERS,10,0xaaab23858650,752,1,BUFFERS,0,0,0,0,0,109,493,0.982662,0.999983,-0.017321,0
828,BUFFERS,10,0xaaab238584a6,326,7,BUFFERS,0,0,0,1,1,109,109,0.982662,0.924560,0.058102,0
829,BUFFERS,10,0xaaab23858575,533,7,BUFFERS,0,0,0,0,0,109,533,0.982662,0.562176,0.420486,0
830,BUFFERS,10,0xaaab23858449,233,4,BUFFERS,0,0,0,0,0,109,589,0.982662,0.999993,-0.017331,0
831,BUFFERS,10,0xaaab23858450,240,2,BUFFERS,0,0,0,0,0,109,609,0.982662,0.999999,-0.017337,0
832,BUFFERS,10,0xaaab23858656,758,0,BUFFERS,0,0,0,1,1,109,109,0.982662,0.982177,0.000485,0
833,BUFFERS,10,0xaaab2385854a,490,2,BUFFERS,0,0,0,0,0,109,498,0.982662,0.999999,-0.017337,0
834,BUFFERS,10,0xaaab2385839a,58,0,BUFFERS,0,0,0,0,0,109,373,0.982662,0.562176,0.420486,0
835,BUFFERS,10,0xaaab238586f2,914,0,BUFFERS,0,0,0,0,0,109,428,0.982662,0.570591,0.412071,0
836,BUFFERS,10,0xaaab238583e6,134,6,BUFFERS,0,0,0,1,1,109,109,0.982662,0.839223,0.143439,0
837,BUFFERS,10,0xaaab238586c2,866,3,BUFFERS,0,0,0,1,1,109,109,0.982662,0.982618,0.000044,0
838,BUFFERS,10,0xaaab238585ce,622,3,BUFFERS,0,0,0,0,0,109,12,0.982662,0.999998,-0.017336,0
839,BUFFERS,10,0xaaab2385859f,575,0,BUFFERS,0,0,0,0,0,109,714,0.982662,0.999996,-0.017334,0
840,BUFFERS,10,0xaaab23858636,726,1,BUFFERS,0,0,0,1,1,109,109,0.982662,0.982449,0.000213,0
841,BUFFERS,10,0xaaab23858527,455,5,BUFFERS,0,0,0,0,0,109,984,0.982662,0.999999,-0.017337,0
842,BUFFERS,10,0xaaab238584ee,398,5,BUFFERS,0,0,0,0,0,109,869,0.982662,0.999987,-0.017325,0
843,BUFFERS,10,0xaaab23858396,54,3,BUFFERS,0,0,0,1,1,109,109,0.982662,0.982646,0.000016,0
844,BUFFERS,10,0xaaab238583a4,68,1,BUFFERS,0,0,0,0,0,109,936,0.982662,0.357575,0.625087,0
845,BUFFERS,10,0xaaab238584c0,352,3,BUFFERS,0,0,0,1,1,109,109,0.982662,0.982662,0.000000,0
846,BUFFERS,10,0xaaab238585a5,581,0,BUFFERS,0,0,0,1,1,109,109,0.982662,0.615697,0.366965,0
847,BUFFERS,10,0xaaab23858533,467,1,BUFFERS,0,0,0,0,0,109,847,0.982662,0.999995,-0.017333,0
848,BUFFERS,10,0xaaab238583fe,158,0,BUFFERS,0,0,0,1,1,109,109,0.982662,0.982660,0.000002,0
849,BUFFERS,10,0xaaab23858569,521,4,BUFFERS,0,0,0,1,1,109,109,0.982662,0.523358,0.459304,0
850,BUFFERS,10,0xaaab2385838e,46,6,BUFFERS,0,0,0,1,1,109,109,0.982662,0.615695,0.366967,0
851,BUFFERS,10,0xaaab2385861f,703,3,BUFFERS,0,0,0,0,0,109,222,0.982662,0.999994,-0.017332,0
852,BUFFERS,10,0xaaab2385838e,46,4,BUFFERS,0,0,0,0,0,109,478,0.982662,0.999999,-0.017337,0
853,BUFFERS,10,0xaaab238585ec,652,1,BUFFERS,0,0,0,1,1,109,109,0.982662,0.765651,0.217011,0
854,BUFFERS,10,0xaaab238585eb,651,7,BUFFERS,0,0,0,0,0,109,682,0.982662,0.465834,0.516828,0
855,BUFFERS,10,0xaaab238583b3,83,0,BUFFERS,0,0,0,0,0,109,990,0.982662,0.970185,0.012477,0
856,BUFFERS,10,0xaaab23858382,34,1,BUFFERS,0,0,0,1,1,109,109,0.982662,0.982501,0.000161,0
857,BUFFERS,10,0xaaab238583bf,95,1,BUFFERS,0,0,0,1,1,109,109,0.982662,0.982661,0.000001,0
858,BUFFERS,10,0xaaab238586bf,863,0,BUFFERS,0,0,0,0,0,109,18,0.982662,0.557867,0.424795,0
859,BUFFERS,10,0xaaab238583a7,71,5,BUFFERS,0,0,0,0,0,109,776,0.982662,0.999996,-0.017334,0
860,BUFFERS,10,0xaaab238586c8,872,6,BUFFERS,0,0,0,1,1,109,109,0.982662,0.839282,0.143380,0
861,BUFFERS,10,0xaaab23858586,550,7,BUFFERS,0,0,0,0,0,109,441,0.982662,0.817571,0.165091,0
862,BUFFERS,10,0xaaab23858445,229,7,BUFFERS,0,0,0,1,1,109,109,0.982662,0.982662,-0.000000,0
863,BUFFERS,10,0xaaab2385842c,204,7,BUFFERS,0,0,0,0,0,109,204,0.982662,0.499999,0.482663,0
864,BUFFERS,10,0xaaab238583ba,90,5,BUFFERS,0,0,0,0,0,109,60,0.982662,0.495565,0.487097,0
865,BUFFERS,10,0xaaab2385869c,828,1,BUFFERS,0,0,0,0,0,109,566,0.982662,0.622458,0.360204,0
866,BUFFERS,10,0xaaab23858745,997,2,BUFFERS,0,0,0,1,1,109,109,0.982662,0.982561,0.000101,0
867,BUFFERS,10,0xaaab23858372,18,5,BUFFERS,0,0,0,1,1,109,109,0.982662,0.982190,0.000472,0
868,BUFFERS,10,0xaaab2385859d,573,5,BUFFERS,0,0,0,1,1,109,109,0.982662,0.982706,-0.000044,0
869,BUFFERS,10,0xaaab23858419,185,0,BUFFERS,0,0,0,0,0,109,754,0.982662,0.562176,0.420486,0
870,BUFFERS,10,0xaaab238583c7,103,3,BUFFERS,0,0,0,1,1,109,109,0.982662,0.971900,0.010762,0
871,BUFFERS,10,0xaaab23858711,945,7,BUFFERS,0,0,0,1,1,109,109,0.982662,0.982660,0.000002,0
872,BUFFERS,10,0xaaab238585de,638,1,BUFFERS,0,0,0,0,0,109,548,0.982662,0.999998,-0.017336,0
873,BUFFERS,10,0xaaab238585ea,650,7,BUFFERS,0,0,0,1,1,109,109,0.982662,0.766790,0.215872,0
874,BUFFERS,10,0xaaab23858437,215,7,BUFFERS,0,0,0,0,0,109,215,0.982662,0.999997,-0.017335,0
875,BUFFERS,10,0xaaab238584fa,410,4,BUFFERS,0,0,0,0,0,109,978,0.982662,0.851952,0.130710,0
876,BUFFERS,10,0xaaab23858523,451,3,BUFFERS,0,0,0,1,1,109,109,0.982662,0.804685,0.177976,0
877,BUFFERS,10,0xaaab238583b8,88,5,BUFFERS,0,0,0,0,0,109,339,0.982662,0.499997,0.482665,0
878,BUFFERS,10,0xaaab238584e5,389,5,BUFFERS,0,0,0,0,0,109,906,0.982662,0.731058,0.251604,0
879,BUFFERS,10,0xaaab2385853f,479,6,BUFFERS,0,0,0,0,0,109,329,0.982662,0.998810,-0.016148,0
880,BUFFERS,10,0xaaab2385836b,11,5,BUFFERS,0,0,0,0,0,109,494,0.982662,0.999971,-0.017309,0
881,BUFFERS,10,0xaaab23858563,515,7,BUFFERS,0,0,0,0,0,109,515,0.982662,0.999999,-0.017337,0
882,BUFFERS,10,0xaaab23858451,241,3,BUFFERS,0,0,0,1,1,109,109,0.982662,0.982664,-0.000002,0
883,BUFFERS,10,0xaaab238584ea,394,4,BUFFERS,0,0,0,1,1,109,109,0.982662,0.982330,0.000332,0
884,BUFFERS,10,0xaaab238583ba,90,2,BUFFERS,0,0,0,1,1,109,109,0.982662,0.982662,0.000000,0
885,BUFFERS,10,0xaaab2385865f,767,4,BUFFERS,0,0,0,0,0,109,67,0.982662,0.390991,0.591671,0
886,BUFFERS,10,0xaaab2385868c,812,4,BUFFERS,0,0,0,0,0,109,281,0.982662,0.999992,-0.017330,0
887,BUFFERS,10,0xaaab2385873e,990,5,BUFFERS,0,0,0,0,0,109,452,0.982662,0.615507,0.367155,0
888,BUFFERS,10,0xaaab238584ad,333,4,BUFFERS,0,0,0,1,1,109,109,0.982662,0.839333,0.143329,0
889,BUFFERS,10,0xaaab23858637,727,6,BUFFERS,0,0,0,0,0,109,72,0.982662,0.851949,0.130713,0
890,BUFFERS,10,0xaaab23858426,198,6,BUFFERS,0,0,0,0,0,109,12,0.982662,0.924140,0.058522,0
891,BUFFERS,10,0xaaab2385867f,799,1,BUFFERS,0,0,0,0,0,109,888,0.982662,0.999997,-0.017335,0
892,BUFFERS,10,0xaaab2385860c,684,7,BUFFERS,0,0,0,1,1,109,109,0.982662,0.982653,0.000009,0
893,BUFFERS,10,0xaaab23858365,5,5,BUFFERS,0,0,0,1,1,109,109,0.982662,0.982858,-0.000196,0
894,BUFFERS,10,0xaaab2385865f,767,3,BUFFERS,0,0,0,1,1,109,109,0.982662,0.982658,0.000004,0
895,BUFFERS,10,0xaaab2385858f,559,5,BUFFERS,0,0,0,1,1,109,109,0.982662,0.766630,0.216032,0
896,BUFFERS,10,0xaaab2385855d,509,2,BUFFERS,0,0,0,1,1,109,109,0.982662,0.993535,-0.010873,0
897,BUFFERS,10,0xaaab238584a4,324,6,BUFFERS,0,0,0,1,1,109,109,0.982662,0.982661,0.000000,0
898,BUFFERS,10,0xaaab238584d3,371,2,BUFFERS,0,0,0,0,0,109,764,0.982662,0.999087,-0.016425,0
899,BUFFERS,10,0xaaab238586f5,917,3,BUFFERS,0,0,0,1,1,109,109,0.982662,0.982510,0.000152,0
900,BUFFERS,10,0xaaab238583f3,147,3,BUFFERS,0,0,0,0,1,109,955,0.982662,0.999925,-0.017263,0
901,BUFFERS,10,0xaaab2385863c,732,7,BUFFERS,0,0,0,0,0,109,349,0.982662,0.543403,0.439259,0
902,BUFFERS,10,0xaaab238584cb,363,6,BUFFERS,0,0,0,1,1,109,109,0.982662,0.671108,0.311554,0
903,BUFFERS,10,0xaaab238585b4,596,1,BUFFERS,0,0,0,1,1,109,109,0.982662,0.982606,0.000055,0
904,BUFFERS,10,0xaaab238586c5,869,1,BUFFERS,0,0,0,1,1,109,109,0.982662,0.980523,0.002139,0
905,BUFFERS,10,0xaaab238584e9,393,1,BUFFERS,0,0,0,0,0,109,583,0.982662,0.995930,-0.013268,0
906,BUFFERS,10,0xaaab23858361,1,4,BUFFERS,0,0,0,0,0,109,155,0.982662,0.999987,-0.017325,0
907,BUFFERS,10,0xaaab23858655,757,6,BUFFERS,0,0,0,0,0,109,99,0.982662,0.679175,0.303487,0
908,BUFFERS,10,0xaaab23858549,489,6,BUFFERS,0,0,0,1,1,109,109,0.982662,0.725251,0.257411,0
909,BUFFERS,10,0xaaab23858718,952,5,BUFFERS,0,0,0,1,1,109,109,0.982662,0.979599,0.003063,0
910,BUFFERS,10,0xaaab238586c7,871,3,BUFFERS,0,0,0,0,0,109,233,0.982662,0.999995,-0.017333,0
911,BUFFERS,10,0xaaab23858725,965,2,BUFFERS,0,0,0,0,0,109,242,0.982662,0.999997,-0.017335,0
912,BUFFERS,10,0xaaab23858600,672,2,BUFFERS,0,0,0,1,1,109,109,0.982662,0.982606,0.000056,0
913,BUFFERS,10,0xaaab23858457,247,7,BUFFERS,0,0,0,1,1,109,109,0.982662,0.982618,0.000044,0
914,BUFFERS,10,0xaaab23858433,211,0,BUFFERS,0,0,0,0,0,109,416,0.982662,0.999952,-0.017290,0
915,BUFFERS,10,0xaaab23858597,567,1,BUFFERS,0,0,0,1,1,109,109,0.982662,0.982589,0.000073,0
916,BUFFERS,10,0xaaab2385859d,573,6,BUFFERS,0,0,0,1,1,109,109,0.982662,0.982662,0.000000,0
917,BUFFERS,10,0xaaab23858405,165,6,BUFFERS,0,0,0,0,0,109,121,0.982662,0.849733,0.132929,0
918,BUFFERS,10,0xaaab238585fc,668,6,BUFFERS,0,0,0,1,1,109,109,0.982662,0.464276,0.518386,0
919,BUFFERS,10,0xaaab23858456,246,0,BUFFERS,0,0,0,1,1,109,109,0.982662,0.982661,0.000001,0
920,BUFFERS,10,0xaaab238585f5,661,7,BUFFERS,0,0,0,0,0,109,661,0.982662,0.999968,-0.017306,0
921,BUFFERS,10,0xaaab23858573,531,1,BUFFERS,0,0,0,0,0,109,20,0.982662,0.774258,0.208404,0
922,BUFFERS,10,0xaaab238584f5,405,1,BUFFERS,0,0,0,0,0,109,714,0.982662,0.562175,0.420487,0
923,BUFFERS,10,0xaaab2385841e,190,5,BUFFERS,0,0,0,0,0,109,620,0.982662,0.999990,-0.017328,0
924,BUFFERS,10,0xaaab23858660,768,2,BUFFERS,0,0,0,1,1,109,109,0.982662,0.982619,0.000043,0
925,BUFFERS,10,0xaaab23858725,965,0,BUFFERS,0,0,0,0,0,109,2,0.982662,0.999999,-0.017337,0
926,BUFFERS,10,0xaaab238584b0,336,1,BUFFERS,0,0,0,1,1,109,109,0.982662,0.982574,0.000088,0
927,BUFFERS,10,0xaaab238584a4,324,4,BUFFERS,0,0,0,0,0,109,193,0.982662,0.817573,0.165089,0
928,BUFFERS,10,0xaaab23858445,229,3,BUFFERS,0,0,0,0,0,109,471,0.982662,0.999999,-0.017337,0
929,BUFFERS,10,0xaaab238583e0,128,4,BUFFERS,0,0,0,1,1,109,109,0.982662,0.982662,0.000000,0
930,BUFFERS,10,0xaaab23858549,489,5,BUFFERS,0,0,0,0,0,109,699,0.982662,0.999994,-0.017332,0
931,BUFFERS,10,0xaaab23858554,500,0,BUFFERS,0,0,0,1,1,109,109,0.982662,0.982334,0.000328,0
932,BUFFERS,10,0xaaab238586d3,883,4,BUFFERS,0,0,0,1,1,109,109,0.982662,0.982654,0.000008,0
933,BUFFERS,10,0xaaab23858689,809,0,BUFFERS,0,0,0,1,1,109,109,0.982662,0.766740,0.215922,0
934,BUFFERS,10,0xaaab23858704,932,7,BUFFERS,0,0,0,0,0,109,932,0.982662,0.999997,-0.017335,0
935,BUFFERS,10,0xaaab238584c5,357,7,BUFFERS,0,0,0,1,1,109,109,0.982662,0.982569,0.000093,0
936,BUFFERS,10,0xaaab23858461,257,2,BUFFERS,0,0,0,1,1,109,109,0.982662,0.982663,-0.000001,0
937,BUFFERS,10,0xaaab238586f7,919,7,BUFFERS,0,0,0,0,0,109,919,0.982662,0.999940,-0.017278,0
938,BUFFERS,10,0xaaab238586d8,888,7,BUFFERS,0,0,0,0,0,109,888,0.982662,0.999997,-0.017335,0
939,BUFFERS,10,0xaaab238584e6,390,6,BUFFERS,0,0,0,0,1,109,390,0.982662,0.999659,-0.016997,0
940,BUFFERS,10,0xaaab238584d7,375,1,BUFFERS,0,0,0,0,0,109,64,0.982662,0.774258,0.208404,0
941,BUFFERS,10,0xaaab23858521,449,5,BUFFERS,0,0,0,1,1,109,109,0.982662,0.839249,0.143413,0
942,BUFFERS,10,0xaaab238585c3,611,7,BUFFERS,0,0,0,1,1,109,109,0.982662,0.982662,-0.000000,0
943,BUFFERS,10,0xaaab23858505,421,1,BUFFERS,0,0,0,0,0,109,497,0.982662,0.952573,0.030089,0
944,BUFFERS,10,0xaaab23858701,929,4,BUFFERS,0,0,0,0,0,109,39,0.982662,0.999999,-0.017337,0
945,BUFFERS,10,0xaaab238586cc,876,6,BUFFERS,0,0,0,0,0,109,923,0.982662,0.999998,-0.017336,0
946,BUFFERS,10,0xaaab23858477,279,2,BUFFERS,0,0,0,0,0,109,133,0.982662,0.334240,0.648422,0
947,BUFFERS,10,0xaaab238586fe,926,1,BUFFERS,0,0,0,1,1,109,109,0.982662,0.556655,0.426007,0
948,BUFFERS,10,0xaaab238584fa,410,1,BUFFERS,0,0,0,0,0,109,999,0.982662,0.999999,-0.017337,0
949,BUFFERS,10,0xaaab238586de,894,6,BUFFERS,0,0,0,1,1,109,109,0.982662,0.541601,0.441061,0
950,BUFFERS,10,0xaaab2385863a,730,0,BUFFERS,0,0,0,0,0,109,469,0.982662,0.526754,0.455908,0
951,BUFFERS,10,0xaaab2385852c,460,2,BUFFERS,0,0,0,0,0,109,962,0.982662,0.999996,-0.017334,0
952,BUFFERS,10,0xaaab238585f7,663,5,BUFFERS,0,0,0,1,1,109,109,0.982662,0.867317,0.115345,0
953,BUFFERS,10,0xaaab238584bd,349,2,BUFFERS,0,0,0,0,0,109,142,0.982662,0.999994,-0.017332,0
954,BUFFERS,10,0xaaab23858575,533,7,BUFFERS,0,0,0,0,0,109,533,0.982662,0.999970,-0.017308,0
955,BUFFERS,10,0xaaab23858699,825,3,BUFFERS,0,0,0,1,1,109,109,0.982662,0.839216,0.143446,0
956,BUFFERS,10,0xaaab2385854c,492,1,BUFFERS,0,0,0,1,1,109,109,0.982662,0.982663,-0.000001,0
957,BUFFERS,10,0xaaab2385842e,206,5,BUFFERS,0,0,0,0,0,109,53,0.982662,0.924141,0.058521,0
958,BUFFERS,10,0xaaab2385837f,31,3,BUFFERS,0,0,0,1,1,109,109,0.982662,0.982573,0.000089,0
959,BUFFERS,10,0xaaab2385862e,718,2,BUFFERS,0,0,0,0,0,109,636,0.982662,0.999998,-0.017336,0
960,BUFFERS,10,0xaaab2385863d,733,3,BUFFERS,0,0,0,0,0,109,500,0.982662,0.777298,0.205364,0
961,BUFFERS,10,0xaaab238586a3,835,3,BUFFERS,0,0,0,0,0,109,745,0.982662,0.999995,-0.017333,0
962,BUFFERS,10,0xaaab23858641,737,4,BUFFERS,0,0,0,1,1,109,109,0.982662,0.982665,-0.000003,0
963,BUFFERS,10,0xaaab2385857c,540,4,BUFFERS,0,0,0,1,1,109,109,0.982662,0.981979,0.000683,0
964,BUFFERS,10,0xaaab2385844b,235,2,BUFFERS,0,0,0,0,0,109,798,0.982662,0.622458,0.360204,0
965,BUFFERS,10,0xaaab23858730,976,1,BUFFERS,0,0,0,0,0,109,743,0.982662,0.999067,-0.016405,0
966,BUFFERS,10,0xaaab23858663,771,1,BUFFERS,0,0,0,1,1,109,109,0.982662,0.982543,0.000119,0
967,BUFFERS,10,0xaaab238585fd,669,7,BUFFERS,0,0,0,0,0,109,669,0.982662,0.999990,-0.017328,0
968,BUFFERS,10,0xaaab2385865d,765,1,BUFFERS,0,0,0,0,0,109,917,0.982662,0.999997,-0.017335,0
969,BUFFERS,10,0xaaab238583bf,95,5,BUFFERS,0,0,0,0,0,109,612,0.982662,0.999991,-0.017329,0
970,BUFFERS,10,0xaaab238584a2,322,0,BUFFERS,0,0,0,0,0,109,769,0.982662,0.999997,-0.017335,0
971,BUFFERS,10,0xaaab23858391,49,1,BUFFERS,0,0,0,1,1,109,109,0.982662,0.982585,0.000077,0
972,BUFFERS,10,0xaaab2385838f,47,2,BUFFERS,0,0,0,0,0,109,789,0.982662,0.562176,0.420486,0
973,BUFFERS,10,0xaaab23858527,455,7,BUFFERS,0,0,0,1,1,109,109,0.982662,0.671110,0.311552,0
974,BUFFERS,10,0xaaab2385867b,795,6,BUFFERS,0,0,0,0,0,109,51,0.982662,0.999998,-0.017336,0
975,BUFFERS,10,0xaaab238583a6,70,0,BUFFERS,0,0,0,0,0,109,108,0.982662,0.997480,-0.014818,0
976,BUFFERS,10,0xaaab2385836a,10,6,BUFFERS,0,0,0,0,0,109,819,0.982662,0.999994,-0.017332,0
977,BUFFERS,10,0xaaab238585ba,602,2,BUFFERS,0,0,0,1,1,109,109,0.982662,0.982246,0.000416,0
978,BUFFERS,10,0xaaab238584ee,398,3,BUFFERS,0,0,0,0,0,109,581,0.982662,0.999997,-0.017335,0
979,BUFFERS,10,0xaaab23858371,17,7,BUFFERS,0,0,0,0,0,109,17,0.982662,0.665240,0.317422,0
980,BUFFERS,10,0xaaab23858624,708,6,BUFFERS,0,0,0,0,0,109,623,0.982662,0.999987,-0.017325,0
981,BUFFERS,10,0xaaab2385838f,47,3,BUFFERS,0,0,0,0,0,109,515,0.982662,0.999986,-0.017324,0
982,BUFFERS,10,0xaaab23858480,288,1,BUFFERS,0,0,0,1,1,109,109,0.982662,0.989086,-0.006424,0
983,BUFFERS,10,0xaaab23858523,451,6,BUFFERS,0,0,0,1,1,109,109,0.982662,0.839193,0.143469,0
984,BUFFERS,10,0xaaab2385850a,426,7,BUFFERS,0,0,0,0,0,109,426,0.982662,0.999997,-0.017335,0
985,BUFFERS,10,0xaaab23858400,160,2,BUFFERS,0,0,0,0,0,109,418,0.982662,0.999998,-0.017336,0
986,BUFFERS,10,0xaaab238583de,126,4,BUFFERS,0,0,0,1,1,109,109,0.982662,0.982665,-0.000004,0
987,BUFFERS,10,0xaaab238586a1,833,5,BUFFERS,0,0,0,0,0,109,146,0.982662,0.999993,-0.017331,0
988,BUFFERS,10,0xaaab238586ae,846,5,BUFFERS,0,0,0,0,0,109,653,0.982662,0.999985,-0.017323,0
989,BUFFERS,10,0xaaab23858468,264,6,BUFFERS,0,0,0,0,0,109,633,0.982662,0.679178,0.303484,0
990,BUFFERS,10,0xaaab2385839c,60,7,BUFFERS,0,0,0,1,1,109,109,0.982662,0.805940,0.176722,0
991,BUFFERS,10,0xaaab238586f3,915,4,BUFFERS,0,0,0,0,0,109,336,0.982662,0.562176,0.420486,0
992,BUFFERS,10,0xaaab2385845d,253,1,BUFFERS,0,0,0,0,0,109,458,0.982662,0.999999,-0.017337,0
993,BUFFERS,10,0xaaab23858713,947,4,BUFFERS,0,0,0,0,0,109,820,0.982662,0.999997,-0.017335,0
994,BUFFERS,10,0xaaab238585c3,611,5,BUFFERS,0,0,0,0,0,109,671,0.982662,0.999998,-0.017336,0
995,BUFFERS,10,0xaaab23858561,513,5,BUFFERS,0,0,0,0,0,109,42,0.982662,0.999995,-0.017333,0
996,BUFFERS,10,0xaaab238583a8,72,6,BUFFERS,0,0,0,0,0,109,255,0.982662,0.999995,-0.017333,0
997,BUFFERS,10,0xaaab238583f8,152,2,BUFFERS,0,0,0,0,0,109,894,0.982662,0.999997,-0.017335,0
998,BUFFERS,10,0xaaab23858534,468,2,BUFFERS,0,0,0,1,1,109,109,0.982662,0.981529,0.001132,0
999,BUFFERS,10,0xaaab238583f7,151,4,BUFFERS,0,0,0,1,1,109,109,0.982662,0.982649,0.000013,0
